"","Date","VIX","US.CPI.MoM","UST.10.2.Spread","US.Federal.Funds.Effective.Rate..continuous.series.","M1.Index","US.Condition.of.All.Federal.Reserve.Banks.Total.Assets..","CDX.IG.CDSI.GEN.5Y.Corp","CBOE.Equity.Put.Call.Ratio","SPX","NASDAQ","Brent","US.CPI.YoY","US.ISM.Manufacturing.PMI","US.Service.PMI","MPMIUSCA.Index"
"2","2020/1/2",12.47,0.2,-0.0943,0,0,0,-1.111,-0.02,27.0699999999997,119.59,0.399999999999999,0,0,0,0
"3","2020/1/3",14.02,0.2,-0.0446,0,0,0,1.68,0.0299999999999999,-23,-71.4200000000001,-0.189999999999998,0,0,0,0
"4","2020/1/6",13.85,0.2,0.001,0,0,0,0.213999999999999,-0.0299999999999999,11.4300000000003,50.6999999999989,0.0600000000000023,0,0,0,0
"5","2020/1/7",13.79,0.2,0.0128,0,0,0,0.616,-0.1,-9.10000000000036,-2.88999999999942,0.359999999999999,0,0,0,0
"6","2020/1/8",13.45,0.2,0.0159,0,0,-24082,-1.552,0.03,15.8700000000003,60.6599999999999,-0.990000000000002,0,0,0,0
"7","2020/1/9",12.54,0.2,-0.0172,0,0,0,-1.269,0.02,21.6499999999996,74.1900000000005,0.259999999999998,0,0,0,0
"8","2020/1/10",12.56,0.2,-0.0266,-0.01,0,0,0.350999999999999,0.05,-9.34999999999991,-24.5699999999997,-0.0699999999999932,0,0,0,0
"9","2020/1/13",12.32,0.2,0.0122,0,0,0,-0.0619999999999976,-0.0700000000000001,22.7800000000002,95.0699999999997,-0.0900000000000034,0,0,0,0
"10","2020/1/14",12.39,0.2,-0.0207,0,0,0,0.582999999999998,0,-4.98000000000002,-22.6000000000004,0.00999999999999801,0,0,0,0
"11","2020/1/15",12.42,0.2,-0.0115,0,0,26306,-0.000999999999997669,-0.03,6.13999999999987,7.3700000000008,-0.169999999999995,0,0,0,0
"12","2020/1/16",12.32,0.2,0.0123,0,0,0,-0.661000000000001,0.03,27.52,98.4299999999985,0.189999999999998,0,0,0,0
"13","2020/1/17",12.1,0.2,0.0206,0.01,0,0,-0.00100000000000477,0.01,12.8099999999999,31.8100000000013,0.0499999999999972,0,0,0,0
"14","2020/1/20",12.1,0.2,0,0,0,0,0,0,0,0,0.0500000000000043,0,0,0,0
"15","2020/1/21",12.85,0.2,-0.0184,0,0,0,1.71,0.11,-8.82999999999993,-18.130000000001,0.229999999999997,0,0,0,0
"16","2020/1/22",12.91,0.2,-0.00310000000000002,0,0,-29938,-0.692,-0.07,0.960000000000036,12.9600000000009,-0.649999999999999,0,0,0,0
"17","2020/1/23",12.98,0.2,-0.022,0,0,0,0.949000000000005,0.02,3.78999999999996,18.7099999999991,-1.06,0,0,0,0
"18","2020/1/24",14.56,0.2,-0.0296,0,0,0,1.005,0.16,-30.0700000000002,-87.5699999999997,-0.850000000000001,0,0,0,0
"19","2020/1/27",18.23,0.2,-0.0221,0,0,0,2.283,-0.0599999999999999,-51.8399999999997,-175.6,0.0100000000000051,0,0,0,0
"20","2020/1/28",16.28,0.2,0.0266,0,0,0,-2.662,-0.09,32.6099999999997,130.370000000001,0.210000000000001,0,0,0,0
"21","2020/1/29",16.39,0.2,-0.0226,0,0,5718,1.37,-0.05,-2.83999999999969,5.47999999999956,-0.120000000000005,0,0,0,0
"22","2020/1/30",15.49,0.2,0.00170000000000001,0.05,0,0,-0.481000000000002,0.11,10.2599999999998,23.7700000000004,0.120000000000005,0,0,0,0
"23","2020/1/31",18.84,0.2,0.0208,-0.01,-13.5,0,2.62,0.13,-58.1399999999999,-147.99,-0.0500000000000043,0.2,3.5,0.299999999999997,0
"24","2020/2/3",17.97,0.2,-0.0194,0,0,0,-0.0799999999999983,-0.24,23.4000000000001,122.459999999999,0.189999999999998,0,0,0,-3.7
"25","2020/2/4",16.05,0.2,0.0159,0,0,0,-3.014,-0.04,48.6700000000001,194.57,-0.209999999999994,0,0,0,0
"26","2020/2/5",15.15,0.2,0.0176,0,0,15077,-2.206,0.05,37.0999999999999,40.7100000000009,0.439999999999998,0,0,0,0
"27","2020/2/6",14.96,0.2,-0.0107,0,0,0,0.480000000000004,-0.04,11.0900000000001,63.4699999999993,0.57,0,0,0,0
"28","2020/2/7",15.47,0.2,-0.0147,-0.01,0,0,0.793999999999997,0.0900000000000001,-18.0700000000002,-51.6399999999994,0.189999999999998,0,0,0,0
"29","2020/2/10",15.04,0.2,-0.0058,0,0,0,-0.857999999999997,-0.1,24.3800000000001,107.879999999999,-0.0399999999999991,0,0,0,0
"30","2020/2/11",15.18,0.2,0.000700000000000006,0,0,0,-0.436999999999998,-0.01,5.65999999999985,10.5500000000011,-0.210000000000001,0,0,0,0
"31","2020/2/12",13.74,0.2,0.0124,0,0,15982,-1.024,0.03,21.6999999999998,87.0199999999986,0.149999999999999,0,0,0,0
"32","2020/2/13",14.15,0.2,-0.0161,0,0,0,-0.0600000000000023,0.0700000000000001,-5.50999999999976,-13.9899999999998,-0.259999999999998,0,0,0,0
"33","2020/2/14",13.68,0.2,-0.0166,0,0,0,0.515999999999998,0.0299999999999999,6.2199999999998,19.2100000000009,0.109999999999999,0,0,0,0
"34","2020/2/17",13.68,0.2,0,0,0,0,0,0,0,0,0.280000000000001,0,0,0,0
"35","2020/2/18",14.83,0.2,-0.00750000000000001,0.01,0,0,0.408000000000001,-0.07,-9.86999999999989,1.55999999999949,0.200000000000003,0,0,0,0
"36","2020/2/19",14.38,0.2,-0.00520000000000001,0,0,-11119,-0.155999999999999,-0.06,15.8600000000001,84.4400000000005,0.309999999999995,0,0,0,0
"37","2020/2/20",15.56,0.2,-0.0182,0,0,0,0.838000000000001,0.06,-12.9200000000001,-66.2100000000009,0.0700000000000003,0,0,0,0
"38","2020/2/21",17.08,0.2,-0.00899999999999999,-0.01,0,0,1.19,0.22,-35.48,-174.379999999999,-0.169999999999995,0,0,0,0
"39","2020/2/24",25.03,0.2,0.00589999999999999,0,0,0,6.525,-0.03,-111.86,-355.309999999999,-0.140000000000001,0,0,0,0
"40","2020/2/25",27.85,0.2,0.0044,0,0,0,2.338,0.1,-97.6799999999998,-255.67,-1.39,0,0,0,0
"41","2020/2/26",27.56,0.2,0.0451,0,0,-12933,2.276,-0.15,-11.8200000000002,15.1599999999999,-0.380000000000003,0,0,0,0
"42","2020/2/27",39.16,0.2,0.0268,0,0,0,6.896,0.21,-137.63,-414.290000000001,-0.25,0,0,0,0
"43","2020/2/28",40.11,0.2,0.0364,0,0,0,1.89699999999999,-0.01,-24.5400000000004,0.890000000001237,-1.43,0,0,0,0
"44","2020/3/2",33.42,0.1,0.0247,0.01,0,0,-1.878,-0.09,136.01,384.799999999999,0.960000000000001,-0.2,-1.1,0.899999999999999,-8.7
"45","2020/3/3",36.82,0.1,0.0396,0,0,0,6.726,-0.03,-86.8600000000001,-268.08,0.240000000000002,0,0,0,0
"46","2020/3/4",31.99,0.1,0.0597,-0.5,0,82870,-5.491,-0.09,126.75,334,0.0799999999999983,0,0,0,0
"47","2020/3/5",39.62,0.1,-0.0449,0,0,0,7.41800000000001,0.14,-106.18,-279.5,-0.450000000000003,0,0,0,0
"48","2020/3/6",41.94,0.1,-0.0586,0,0,0,9.904,0.11,-51.5700000000002,-162.969999999999,-0.789999999999999,0,0,0,0
"49","2020/3/9",54.46,0.1,-0.0964,0,0,0,27.783,0.23,-225.81,-624.940000000001,-4.27,0,0,0,0
"50","2020/3/10",47.3,0.1,0.1091,0,0,0,-4.19,-0.37,135.67,393.57,1.38999999999999,0,0,0,0
"51","2020/3/11",53.9,0.1,0.0812,0,0,70404,10.668,0.27,-140.85,-392.2,0.120000000000005,0,0,0,0
"52","2020/3/12",75.47,0.1,-0.0268,0.01,0,0,21.457,0.26,-260.74,-750.25,-0.350000000000001,0,0,0,0
"53","2020/3/13",57.83,0.1,0.1468,0,0,0,-31.387,-0.28,230.38,673.08,-1.03,0,0,0,0
"54","2020/3/16",82.69,0.1,-0.1117,-0.85,0,0,16.738,0.1,-324.89,-970.29,-2.59,0,0,0,0
"55","2020/3/17",75.91,0.1,0.2276,0,0,0,-0.994,-0.24,143.06,430.19,-0.460000000000001,0,0,0,0
"56","2020/3/18",76.45,0.1,0.0719000000000001,0,0,356301,17.737,0.12,-131.09,-344.94,-3.09,0,0,0,0
"57","2020/3/19",72,0.1,0.0318999999999999,-0.05,0,0,0.869,-0.1,11.29,160.74,0.469999999999999,0,0,0,0
"58","2020/3/20",66.04,0.1,-0.1577,-0.05,0,0,9.96000000000001,-0.05,-104.47,-271.059999999999,-1.02,0,0,0,0
"59","2020/3/23",61.59,0.1,-0.0580000000000001,0,0,0,-30.235,-0.21,-67.52,-18.8500000000004,1.2,0,0,0,0
"60","2020/3/24",61.67,0.1,0.00110000000000005,-0.03,0,0,-13.589,0.01,209.93,557.19,0.620000000000005,0,0,0,0
"61","2020/3/25",63.95,0.1,0.0623,-0.02,0,586066,-4.806,0.02,28.23,-33.5599999999995,1.11,0,0,0,0
"62","2020/3/26",61,0.1,0.0146000000000001,0,0,0,-6.51000000000001,-0.0700000000000001,154.51,413.24,-0.810000000000002,0,0,0,0
"63","2020/3/27",65.54,0.1,-0.1192,0,0,0,15.231,0.12,-88.6000000000004,-295.16,0.510000000000005,0,0,0,0
"64","2020/3/30",57.08,0.1,0.0655,-0.01,0,0,-4.014,-0.0199999999999999,85.1800000000003,271.77,0.0699999999999932,0,0,0,0
"65","2020/3/31",53.54,-0.3,-0.0743,-0.01,268.3,0,5.176,0.0199999999999999,-42.0599999999999,-74.0499999999993,-0.129999999999995,-0.8,-1.2,-4.1,0
"66","2020/4/1",57.06,-0.3,-0.0469,-0.02,0,557329,13.093,0.16,-114.09,-339.52,-1.23,0,0,0,-13.9
"67","2020/4/2",50.91,-0.3,-0.00559999999999999,-0.01,0,0,-2.831,-0.04,56.4000000000001,126.73,0.380000000000003,0,0,0,0
"68","2020/4/3",46.8,-0.3,-0.00559999999999999,0,0,0,4.23699999999999,0.01,-38.25,-114.23,-0.32,0,0,0,0
"69","2020/4/6",45.24,-0.3,0.0417,0,0,0,-10.581,-0.14,175.03,540.16,0.969999999999999,0,0,0,0
"70","2020/4/7",46.7,-0.3,0.0445,0,0,0,-4.476,-0.0399999999999999,-4.26999999999998,-25.9799999999996,0.760000000000005,0,0,0,0
"71","2020/4/8",43.35,-0.3,0.0681,0,0,271534,-7.607,0,90.5700000000002,203.639999999999,-0.470000000000006,0,0,0,0
"72","2020/4/9",41.67,-0.3,-0.0265,0,0,0,-23.037,0,39.8400000000001,62.6800000000003,0.140000000000001,0,0,0,0
"73","2020/4/10",41.67,-0.3,0,0,0,0,0,0,0,0,0,0,0,0,0
"74","2020/4/13",41.17,-0.3,0.0324,0,0,0,1.291,0,-28.1900000000001,38.8400000000001,0.510000000000005,0,0,0,0
"75","2020/4/14",37.76,-0.3,0.00690000000000002,0,0,0,-0.533000000000001,-0.0700000000000001,84.4299999999998,323.32,0.579999999999998,0,0,0,0
"76","2020/4/15",40.84,-0.3,-0.0983000000000001,0,0,284746,4.809,0.12,-62.6999999999998,-122.559999999999,-1.85,0,0,0,0
"77","2020/4/16",40.11,-0.3,-0.0146,0,0,0,0.512,-0.11,16.1900000000001,139.18,0.0900000000000034,0,0,0,0
"78","2020/4/17",38.15,-0.3,0.0197000000000001,0,0,0,-0.960999999999999,0.01,75.0099999999998,117.779999999999,-0.0300000000000011,0,0,0,0
"79","2020/4/20",43.83,-0.3,-0.0361,0,0,0,6.50700000000001,-0.0499999999999999,-51.4000000000001,-89.4099999999999,0.0499999999999972,0,0,0,0
"80","2020/4/21",45.41,-0.3,-0.038,0,0,0,4.589,0.14,-86.5999999999999,-297.5,-3.16,0,0,0,0
"81","2020/4/22",41.98,-0.3,0.04,0,0,205249,-3.58200000000001,-0.0299999999999999,62.75,232.15,1.11,0,0,0,0
"82","2020/4/23",41.38,-0.3,-0.0233,-0.01,0,0,-0.792000000000002,-0.0700000000000001,-1.50999999999976,-0.6299999999992,-0.460000000000001,0,0,0,0
"83","2020/4/24",35.93,-0.3,-0.00609999999999999,0.01,0,0,0.455000000000013,0.01,38.9399999999996,139.77,-0.149999999999999,0,0,0,0
"84","2020/4/27",33.29,-0.3,0.0619,-0.01,0,0,-0.975999999999999,-0.02,41.7400000000002,95.6399999999994,-0.270000000000003,0,0,0,0
"85","2020/4/28",33.57,-0.3,-0.0365,0,0,0,-1.387,-0.0199999999999999,-15.0900000000001,-122.43,0.160000000000004,0,0,0,0
"86","2020/4/29",31.23,-0.3,0.0238,0,0,82793,-4.896,-0.03,76.1200000000003,306.98,0.0799999999999983,0,0,0,0
"87","2020/4/30",34.15,-0.8,0.0182,0.01,517.900000000001,0,0.0939999999999941,0.15,-27.0800000000004,-25.1599999999999,1.18,-1.2,-7.5,-11.3,0
"88","2020/5/1",37.19,-0.8,-0.0219,0,0,0,3.42100000000001,0.14,-81.7199999999998,-284.599999999999,-0.980000000000004,0,0,0,10
"89","2020/5/4",35.97,-0.8,0.0296,0,0,0,0.495999999999995,-0.13,12.0299999999997,105.769999999999,-0.519999999999996,0,0,0,0
"90","2020/5/5",33.61,-0.8,0.0223,0,0,0,-0.831000000000003,-0.1,25.7000000000003,98.4000000000015,1.04,0,0,0,0
"91","2020/5/6",34.12,-0.8,0.0508999999999999,0,0,65491,3.15900000000001,0,-20.02,45.2699999999986,-0.770000000000003,0,0,0,0
"92","2020/5/7",31.44,-0.8,-0.0225,0,0,0,-1.05500000000001,0,32.77,125.27,0.190000000000005,0,0,0,0
"93","2020/5/8",27.98,-0.8,0.0242,0,0,0,-1.18899999999999,-0.0599999999999999,48.6100000000001,141.66,1.73,0,0,0,0
"94","2020/5/11",27.57,-0.8,0.00890000000000002,0,0,0,1.63,-0.03,0.519999999999982,71.0200000000004,-1.13,0,0,0,0
"95","2020/5/12",33.04,-0.8,-0.029,0,0,0,0.692999999999998,0.1,-60.2000000000003,-189.790000000001,-0.259999999999998,0,0,0,0
"96","2020/5/13",35.28,-0.8,-0.0126,0,0,212807,3.40600000000001,0.12,-50.1199999999999,-139.379999999999,0.190000000000005,0,0,0,0
"97","2020/5/14",32.61,-0.8,-0.0188,0,0,0,-1.38500000000001,-0.08,32.5,80.5499999999993,0.509999999999998,0,0,0,0
"98","2020/5/15",31.89,-0.8,0.0229,0,0,0,0.481999999999999,-0.0700000000000001,11.1999999999998,70.8400000000001,0.18,0,0,0,0
"99","2020/5/18",29.3,-0.8,0.0508,0,0,0,-5.39,-0.1,90.21,220.27,1.53,0,0,0,0
"100","2020/5/19",30.53,-0.8,-0.0255,0,0,0,-0.415999999999997,-0.00999999999999995,-30.9699999999998,-49.7299999999996,-0.340000000000003,0,0,0,0
"101","2020/5/20",27.99,-0.8,-0.00619999999999998,0,0,103031,-6.05,0.03,48.6700000000001,190.68,0.600000000000001,0,0,0,0
"102","2020/5/21",29.53,-0.8,-0.0101,0,0,0,2.00699999999999,0.0600000000000001,-23.0999999999999,-90.9000000000015,-0.160000000000004,0,0,0,0
"103","2020/5/22",28.16,-0.8,-0.0152,0,0,0,1.24900000000001,0.0199999999999999,6.9399999999996,39.7100000000009,-0.229999999999997,0,0,0,0
"104","2020/5/25",28.16,-0.8,0,0,0,0,0,0,0,0,0.560000000000002,0,0,0,0
"105","2020/5/26",28.01,-0.8,0.0333000000000001,0,0,0,-4.08200000000001,-0.07,36.3200000000002,15.6299999999992,0.689999999999998,0,0,0,0
"106","2020/5/27",27.62,-0.8,-0.0228,0,0,60058,-4.182,0.01,44.3600000000001,72.1400000000012,-0.350000000000001,0,0,0,0
"107","2020/5/28",28.59,-0.8,0.0179,0,0,0,-0.995999999999995,0.03,-6.40000000000009,-43.3700000000008,0.579999999999998,0,0,0,0
"108","2020/5/29",27.51,-0.8,-0.0276,0,0,0,-0.545999999999992,0.0399999999999999,14.5799999999999,120.880000000001,0.57,0,0,0,0
"109","2020/6/1",28.23,-0.1,0.0104,0,0,0,1.45099999999999,-0.12,11.4200000000001,62.1799999999985,-0.00999999999999801,-0.2,1.9,3.7,10.9
"110","2020/6/2",26.84,-0.1,0.0202,0.01,0,0,-3.20999999999999,0.00999999999999995,25.0900000000001,56.3299999999999,0.390000000000001,0,0,0,0
"111","2020/6/3",25.66,-0.1,0.0328999999999999,0,0,67901,-2.601,-0.07,42.0499999999997,74.5300000000007,0.270000000000003,0,0,0,0
"112","2020/6/4",25.81,-0.1,0.0736,0,0,0,-0.595000000000013,0.03,-10.52,-67.1000000000004,0.439999999999998,0,0,0,0
"113","2020/6/5",24.52,-0.1,0.0595,0.01,0,0,-7.48399999999999,-0.02,81.5799999999999,198.27,0.75,0,0,0,0
"114","2020/6/8",25.81,-0.1,-0.0397999999999999,0,0,0,1.675,-0.04,38.46,110.67,-1.17,0,0,0,0
"115","2020/6/9",27.57,-0.1,-0.0262,0,0,0,5.721,0.03,-25.21,29,0.670000000000002,0,0,0,0
"116","2020/6/10",27.57,-0.1,-0.0633,0.01,0,3719,2.16500000000001,0.05,-17.04,66.6000000000004,0,0,0,0,0
"117","2020/6/11",40.79,-0.1,-0.0873,0,0,0,7.09299999999999,0.25,-188.04,-527.620000000001,-2.06,0,0,0,0
"118","2020/6/12",36.09,-0.1,0.0381,0,0,0,-2.658,0.01,39.21,96.0799999999999,-0.149999999999999,0,0,0,0
"119","2020/6/15",34.4,-0.1,0.0221,0.01,0,0,-9.068,-0.2,25.2800000000002,137.210000000001,0.950000000000003,0,0,0,0
"120","2020/6/16",33.67,-0.1,0.0211,0,0,0,-0.704999999999998,-0.06,58.1499999999996,169.85,0.599999999999994,0,0,0,0
"121","2020/6/17",33.47,-0.1,-0.0108,0,0,-74246,2.251,0.06,-11.25,14.6599999999999,-0.789999999999999,0,0,0,0
"122","2020/6/18",32.94,-0.1,-0.0276999999999999,0,0,0,3.126,-0.01,1.85000000000036,32.5199999999986,-0.0999999999999943,0,0,0,0
"123","2020/6/19",35.12,-0.1,-0.00690000000000002,0,0,0,3.98999999999999,0.07,-17.6000000000004,3.07000000000153,0.229999999999997,0,0,0,0
"124","2020/6/22",31.77,-0.1,0.00860000000000005,-0.01,0,0,-2.42100000000001,-0.1,20.1200000000003,110.349999999999,0.68,0,0,0,0
"125","2020/6/23",31.37,-0.1,0.00929999999999997,0,0,0,-1.184,-0.02,13.4299999999998,74.9000000000015,-0.240000000000002,0,0,0,0
"126","2020/6/24",33.84,-0.1,-0.0347,0,0,-12388,3.562,0.18,-80.96,-222.200000000001,-1.12,0,0,0,0
"127","2020/6/25",32.22,-0.1,0.00850000000000001,0,0,0,-0.281999999999996,-0.09,33.4300000000003,107.83,0.380000000000003,0,0,0,0
"128","2020/6/26",34.73,-0.1,-0.0247,0,0,0,2.66,0.2,-74.71,-259.780000000001,-0.100000000000001,0,0,0,0
"129","2020/6/29",31.78,-0.1,-0.000300000000000022,0,0,0,-1.937,-0.19,44.1899999999996,116.93,1,0,0,0,0
"130","2020/6/30",30.43,0.5,0.0327000000000001,0,11783.7,0,-3.06999999999999,-0.03,47.0500000000002,184.620000000001,-0.700000000000003,0.5,8.9,11.6,0
"131","2020/7/1",28.62,0.5,0.00789999999999991,0,0,-73262,-0.951000000000008,-0.06,15.5700000000002,95.8599999999988,0.480000000000004,0,0,0,2.4
"132","2020/7/2",27.68,0.5,0.00120000000000009,0.01,0,0,-0.796999999999997,0.05,14.1500000000001,53,0.629999999999995,0,0,0,0
"133","2020/7/3",27.68,0.5,0,0,0,0,0,0,0,0,0,0,0,0,0
"134","2020/7/6",27.94,0.5,0.00259999999999994,0,0,0,-2.633,-0.09,49.7099999999996,226.02,0.260000000000005,0,0,0,0
"135","2020/7/7",29.43,0.5,-0.0363,0,0,0,2.902,0.03,-34.3999999999996,-89.7600000000002,0.149999999999999,0,0,0,0
"136","2020/7/8",28.08,0.5,0.0227000000000001,0,0,-88324,-1.95200000000001,-0.05,24.6199999999999,148.610000000001,0.5,0,0,0,0
"137","2020/7/9",29.26,0.5,-0.043,0,0,0,2.54100000000001,0.04,-17.8899999999999,55.25,-0.329999999999998,0,0,0,0
"138","2020/7/10",27.29,0.5,0.0291,0,0,0,-1.301,0.02,32.9899999999998,69.6900000000005,0.5,0,0,0,0
"139","2020/7/13",32.19,0.5,-0.0243,0,0,0,1.101,-0.05,-29.8200000000002,-226.6,-0.350000000000001,0,0,0,0
"140","2020/7/14",29.52,0.5,-0.00120000000000003,0,0,0,-0.629000000000005,0.02,42.3000000000002,97.7399999999998,0.269999999999996,0,0,0,0
"141","2020/7/15",27.76,0.5,0.0086,0.01,0,37888,-2.11,-0.05,29.04,61.9099999999999,0.140000000000001,0,0,0,0
"142","2020/7/16",28,0.5,-0.00309999999999999,0,0,0,0.680999999999997,0.09,-10.9899999999998,-76.6599999999999,-0.240000000000002,0,0,0,0
"143","2020/7/17",25.68,0.5,0.00969999999999999,-0.01,0,0,-1.27199999999999,-0.00999999999999995,9.15999999999985,29.3600000000006,0.0600000000000023,0,0,0,0
"144","2020/7/20",24.46,0.5,-0.0185,0.01,0,0,-1.396,-0.01,27.1100000000001,263.9,0.160000000000004,0,0,0,0
"145","2020/7/21",24.84,0.5,-0.00370000000000004,0,0,0,0.0619999999999976,-0.06,5.46000000000004,-86.7299999999996,0.32,0,0,0,0
"146","2020/7/22",24.32,0.5,-0.0114,-0.01,0,6151,-0.956000000000003,0.1,18.7199999999998,25.7699999999986,0.0799999999999983,0,0,0,0
"147","2020/7/23",26.08,0.5,-0.0218,0,0,0,0.316000000000003,0.04,-40.3600000000001,-244.709999999999,-0.420000000000002,0,0,0,0
"148","2020/7/24",25.84,0.5,0.0154,0,0,0,0.915000000000006,0.07,-20.0299999999997,-98.2399999999998,0.609999999999999,0,0,0,0
"149","2020/7/27",24.74,0.5,0.0222,0.01,0,0,-0.114000000000004,-0.16,23.7799999999997,173.09,0.410000000000004,0,0,0,0
"150","2020/7/28",25.44,0.5,-0.0234,0,0,0,1.477,0.06,-20.9699999999998,-134.18,-0.190000000000005,0,0,0,0
"151","2020/7/29",24.1,0.5,0.00289999999999996,0,0,-15723,-2.114,0.01,40,140.85,0.219999999999999,0,0,0,0
"152","2020/7/30",24.76,0.5,-0.0142,0,0,0,0.299999999999997,0.04,-12.2200000000003,44.869999999999,-0.779999999999994,0,0,0,0
"153","2020/7/31",24.46,0.5,-0.00619999999999998,0,200.299999999999,0,-0.665999999999997,-0.01,24.9000000000001,157.460000000001,0.269999999999996,0.4,1.5,0.200000000000003,0
"154","2020/8/3",24.28,0.5,0.0222,0,0,0,-1.483,-0.1,23.4900000000002,157.529999999999,1,0,0,0,4.3
"155","2020/8/4",23.76,0.5,-0.0454,0,0,0,-1.50999999999999,-0.02,11.9000000000001,38.3700000000008,0.120000000000005,0,0,0,0
"156","2020/8/5",22.99,0.5,0.031,0,0,-3795,-1.292,-0.01,21.2599999999998,57.2299999999996,0.269999999999996,0,0,0,0
"157","2020/8/6",22.65,0.5,-0.00950000000000001,0,0,0,-0.422000000000011,0.01,21.3899999999999,109.67,-0.019999999999996,0,0,0,0
"158","2020/8/7",22.21,0.5,0.0139,0,0,0,0.320000000000007,0.09,2.12000000000035,-97.0900000000001,-0.730000000000004,0,0,0,0
"159","2020/8/10",22.13,0.5,0.00950000000000001,0,0,0,0.912999999999997,-0.1,9.1899999999996,-42.619999999999,0.359999999999999,0,0,0,0
"160","2020/8/11",24.03,0.5,0.0481,0,0,0,0.826000000000008,0.04,-26.7799999999997,-185.540000000001,-0.240000000000002,0,0,0,0
"161","2020/8/12",22.28,0.5,0.0212000000000001,0,0,12040,-1.417,0.02,46.6599999999999,229.42,0.630000000000003,0,0,0,0
"162","2020/8/13",22.13,0.5,0.0440999999999999,0,0,0,1.82599999999999,-0.00999999999999995,-6.92000000000007,30.2600000000002,-0.259999999999998,0,0,0,0
"163","2020/8/14",22.05,0.5,0.00650000000000006,0,0,0,0.756,0.08,-0.579999999999927,-23.2000000000007,-0.0900000000000034,0,0,0,0
"164","2020/8/17",21.35,0.5,-0.0273,0,0,0,-1.23899999999999,-0.05,9.13999999999987,110.43,0.640000000000001,0,0,0,0
"165","2020/8/18",21.51,0.5,-0.0115000000000001,-0.01,0,0,-0.460000000000008,-0.03,7.79000000000042,81.1100000000006,-0.100000000000001,0,0,0,0
"166","2020/8/19",22.54,0.5,0.0154000000000001,0,0,53360,1.49299999999999,-0.03,-14.9300000000003,-64.380000000001,0.140000000000001,0,0,0,0
"167","2020/8/20",22.72,0.5,-0.0312,0,0,0,-0.0759999999999934,0.03,10.6600000000003,118.490000000002,-0.229999999999997,0,0,0,0
"168","2020/8/21",22.54,0.5,-0.0248,0,0,0,0.019999999999996,-0.01,11.6499999999996,46.8499999999985,-0.460000000000001,0,0,0,0
"169","2020/8/24",22.37,0.5,0.0179,0,0,0,-1.292,-0.03,34.1200000000003,67.9200000000001,0.590000000000003,0,0,0,0
"170","2020/8/25",22.03,0.5,0.0313,0,0,0,-0.265000000000001,0,12.3399999999997,86.75,0.339999999999996,0,0,0,0
"171","2020/8/26",23.27,0.5,0.00380000000000003,0,0,-20219,0.594999999999999,-0.03,35.1100000000001,198.59,-0.0700000000000003,0,0,0,0
"172","2020/8/27",24.47,0.5,0.0558999999999999,-0.01,0,0,1.04400000000001,-0.01,5.82000000000016,-39.7199999999993,-0.519999999999996,0,0,0,0
"173","2020/8/28",22.96,0.5,0.000199999999999978,0.01,0,0,-1.09700000000001,0.04,23.46,70.2899999999991,0.539999999999999,0,0,0,0
"174","2020/8/31",26.41,0.4,-0.0202,0,141.200000000001,0,-1.46199999999999,0.03,-7.70000000000027,79.8299999999999,-0.710000000000001,0.3,1.5,0.399999999999999,0
"175","2020/9/1",26.12,0.4,-0.0358999999999999,0,0,0,-3.02800000000001,-0.05,26.3400000000001,164.210000000001,0.390000000000001,0,0,0,-0.300000000000004
"176","2020/9/2",26.57,0.4,-0.0232,0,0,27074,-0.0320000000000036,0,54.1900000000001,116.77,-0.630000000000003,0,0,0,0
"177","2020/9/3",33.6,0.4,-0.0071,0,0,0,3.84,0.18,-125.78,-598.34,0.170000000000002,0,0,0,0
"178","2020/9/4",30.75,0.4,0.0675,0,0,0,0.861000000000004,0.0900000000000001,-28.0999999999999,-144.970000000001,-0.730000000000004,0,0,0,0
"179","2020/9/7",30.75,0.4,0,0,0,0,0,0,0,0,-0.43,0,0,0,0
"180","2020/9/8",31.46,0.4,-0.0372,0,0,0,2.398,-0.1,-95.1199999999999,-465.439999999999,-1.62,0,0,0,0
"181","2020/9/9",28.81,0.4,0.0153,0,0,-6878,-3.06099999999999,0.05,67.1199999999999,293.869999999999,0.689999999999998,0,0,0,0
"182","2020/9/10",29.71,0.4,-0.015,0,0,0,2.749,-0.08,-59.77,-221.969999999999,-0.399999999999999,0,0,0,0
"183","2020/9/11",26.87,0.4,0.000499999999999945,0,0,0,1.032,0.13,1.77999999999975,-66.0499999999993,-0.170000000000002,0,0,0,0
"184","2020/9/14",25.85,0.4,-0.00349999999999995,0,0,0,-1.11799999999999,-0.18,42.5700000000002,203.109999999999,0.220000000000006,0,0,0,0
"185","2020/9/15",25.59,0.4,0.00460000000000005,0,0,0,-0.966999999999999,-0.03,17.6599999999999,133.67,0.609999999999999,0,0,0,0
"186","2020/9/16",26.04,0.4,0.0199999999999999,0,0,53861,0.0499999999999972,0.05,-15.71,-139.85,0.589999999999996,0,0,0,0
"187","2020/9/17",26.46,0.4,-0.00619999999999998,0,0,0,1.94,0.07,-28.4799999999996,-140.189999999999,0.340000000000003,0,0,0,0
"188","2020/9/18",25.83,0.4,0.000900000000000012,0,0,0,1.646,0.05,-37.5400000000004,-117,-0.190000000000005,0,0,0,0
"189","2020/9/21",27.78,0.4,-0.0259,0,0,0,-18.988,-0.14,-38.4099999999999,-14.4800000000014,-1.23,0,0,0,0
"190","2020/9/22",26.86,0.4,0.00700000000000001,0,0,0,0.116999999999997,0.0600000000000001,34.5100000000002,184.84,0.0899999999999963,0,0,0,0
"191","2020/9/23",28.58,0.4,-0.002,0,0,28686,5.019,-0.04,-78.6500000000001,-330.65,-0.0399999999999991,0,0,0,0
"192","2020/9/24",28.51,0.4,-0.000599999999999934,0,0,0,0.789000000000001,0.12,9.67000000000007,39.2800000000007,0.240000000000002,0,0,0,0
"193","2020/9/25",26.38,0.4,-0.00760000000000005,0,0,0,0.810000000000002,-0.07,51.8699999999999,241.289999999999,-0.259999999999998,0,0,0,0
"194","2020/9/28",26.19,0.4,0.00230000000000008,0,0,0,-1.444,-0.11,53.1399999999999,203.970000000001,0.100000000000001,0,0,0,0
"195","2020/9/29",26.27,0.4,-0.00130000000000008,0,0,0,2.645,0.04,-16.1300000000001,-32.2800000000007,-1.02,0,0,0,0
"196","2020/9/30",26.37,0.2,0.0305000000000001,0,256.5,-37032,-1.105,-0.04,27.5300000000002,82.2600000000002,0.759999999999998,0.0999999999999999,0,0.300000000000004,0
"197","2020/10/1",26.7,0.2,-0.00660000000000005,0,0,0,-0.570999999999998,0.05,17.8000000000002,159,-0.769999999999996,0,0,0,2
"198","2020/10/2",27.63,0.2,0.0212,0,0,0,1.258,0.04,-32.3600000000001,-251.49,-1.22,0,0,0,0
"199","2020/10/5",27.96,0.2,0.0654,0,0,0,-3.271,-0.05,60.1900000000001,257.469999999999,1.48999999999999,0,0,0,0
"200","2020/10/6",29.48,0.2,-0.0484,0,0,0,1.732,-0.03,-47.6800000000003,-177.889999999999,0.780000000000001,0,0,0,0
"201","2020/10/7",28.06,0.2,0.0475,0,0,18520,-2.509,-0.04,58.5,210,-0.619999999999997,0,0,0,0
"202","2020/10/8",26.36,0.2,-0.00170000000000003,0,0,0,-1.018,-0.03,27.3800000000001,56.3799999999992,0.609999999999999,0,0,0,0
"203","2020/10/9",25,0.2,-0.0135999999999999,0,0,0,-1.63,0.05,30.3000000000002,158.960000000001,-0.460000000000001,0,0,0,0
"204","2020/10/12",25.07,0.2,0,0,0,0,0,0,57.0899999999997,296.32,-0.719999999999999,0,0,0,0
"205","2020/10/13",26.07,0.2,-0.0326000000000001,0,0,0,1.669,-0.05,-22.29,-12.3600000000006,0.32,0,0,0,0
"206","2020/10/14",26.4,0.2,-0.00159999999999993,0,0,76777,1.271,0.08,-23.2599999999998,-95.1700000000001,0.379999999999995,0,0,0,0
"207","2020/10/15",26.97,0.2,0.00659999999999994,0,0,0,0.422999999999995,-0.00999999999999995,-5.32999999999993,-54.8599999999988,-0.019999999999996,0,0,0,0
"208","2020/10/16",27.41,0.2,0.00930000000000009,0,0,0,0.0230000000000032,-0.01,0.4699999999998,-42.3100000000013,-0.149999999999999,0,0,0,0
"209","2020/10/19",29.18,0.2,0.0214,0,0,0,1.878,-0.02,-56.8899999999999,-192.68,-0.0500000000000043,0,0,0,0
"210","2020/10/20",29.35,0.2,0.0186999999999999,0,0,0,-0.628999999999998,0.09,16.1999999999998,37.6100000000006,0.420000000000002,0,0,0,0
"211","2020/10/21",28.65,0.2,0.0328000000000001,0,0,25839,-0.725000000000001,-0.02,-7.55999999999995,-31.7999999999993,-1.19,0,0,0,0
"212","2020/10/22",28.11,0.2,0.0275,0,0,0,0.0869999999999962,-0.02,17.9299999999998,21.3199999999997,0.439999999999998,0,0,0,0
"213","2020/10/23",27.55,0.2,-0.0154,0,0,0,-0.635999999999996,0.05,11.9000000000001,42.2700000000004,-0.670000000000002,0,0,0,0
"214","2020/10/26",32.46,0.2,-0.0359,0,0,0,2.209,0.0599999999999999,-64.4200000000001,-189.34,-0.839999999999996,0,0,0,0
"215","2020/10/27",33.35,0.2,-0.0293,0,0,0,1.143,-0.11,-10.29,72.4099999999999,0.599999999999994,0,0,0,0
"216","2020/10/28",40.28,0.2,0.00209999999999999,0,0,-30959,3.927,0.17,-119.65,-426.48,-1.37,0,0,0,0
"217","2020/10/29",37.59,0.2,0.052,0,0,0,1.313,-0.13,39.0799999999999,180.719999999999,-0.93,0,0,0,0
"218","2020/10/30",38.02,0.2,0.0448,0,0,0,0.304999999999993,0.25,-40.1500000000001,-274,0.240000000000002,0,0,0,0
"219","2020/11/2",37.13,0.1,-0.0323,0,0,0,-2.37199999999999,-0.15,40.2799999999997,46.0200000000004,1.17,-0.2,3.4,-1.6,2.3
"220","2020/11/3",35.55,0.1,0.0441,0,0,0,-3.178,-0.17,58.9200000000001,202.959999999999,0.199999999999996,0,0,0,0
"221","2020/11/4",29.57,0.1,-0.1148,0,0,11173,-2.449,0,74.2800000000002,430.210000000001,0.969999999999999,0,0,0,0
"222","2020/11/5",27.58,0.1,0,0,0,0,-4.001,-0.01,67.0099999999998,300.15,-0.339999999999996,0,0,0,0
"223","2020/11/6",24.86,0.1,0.0476,0,0,0,-0.103999999999999,-0.03,-1.00999999999976,4.29999999999927,-0.980000000000004,0,0,0,0
"224","2020/11/9",25.75,0.1,0.0871000000000001,0,0,0,-1.137,-0.04,41.0599999999999,-181.449999999999,1.77,0,0,0,0
"225","2020/11/10",24.8,0.1,0.0259,0,0,0,0.753999999999998,0.15,-4.9699999999998,-159.92,0.329999999999998,0,0,0,0
"226","2020/11/11",23.45,0.1,0,0,0,0,0,0,27.1299999999997,232.57,0.289999999999999,0,0,0,0
"227","2020/11/12",25.35,0.1,-0.0741000000000001,0,0,0,1.988,0,-35.6499999999996,-76.8400000000001,-0.25,0,0,0,0
"228","2020/11/13",23.1,0.1,0.0126000000000001,0,0,0,-0.488,-0.02,48.1399999999999,119.700000000001,-0.710000000000001,0,0,0,0
"229","2020/11/16",22.45,0.1,0.0116999999999999,0,0,0,-2.398,-0.07,41.7599999999998,94.8399999999983,0.460000000000001,0,0,0,0
"230","2020/11/17",22.71,0.1,-0.0412,0,0,0,0.622,0.06,-17.3799999999997,-24.7899999999991,-0.119999999999997,0,0,0,0
"231","2020/11/18",23.84,0.1,0.0091,0,0,85601,1.813,-0.07,-41.7400000000002,-97.7399999999998,0.25,0,0,0,0
"232","2020/11/19",23.11,0.1,-0.0287999999999999,-0.01,0,0,-0.683999999999997,0.04,14.0799999999999,103.109999999999,-0.25,0,0,0,0
"233","2020/11/20",23.7,0.1,-0.00109999999999999,0,0,0,2.515,-0.06,-24.3299999999999,-49.7399999999998,0.269999999999996,0,0,0,0
"234","2020/11/23",22.66,0.1,0.0273,0,0,0,-2.061,0.02,20.0500000000002,25.6599999999999,0.350000000000001,0,0,0,0
"235","2020/11/24",21.64,0.1,0.0254,0,0,0,-2.614,-0.04,57.8199999999997,156.160000000002,0.830000000000005,0,0,0,0
"236","2020/11/25",21.25,0.1,0.00360000000000005,0,0,-26600,0.536000000000001,0.02,-5.75999999999976,57.6099999999988,0.849999999999994,0,0,0,0
"237","2020/11/26",21.25,0.1,0,0,0,0,0,0,0,0,-0.489999999999995,0,0,0,0
"238","2020/11/27",20.84,0.1,-0.0384000000000001,0,0,0,-1.03,0.00999999999999995,8.69999999999982,111.450000000001,0.309999999999995,0,0,0,0
"239","2020/11/30",20.57,0.1,0.00550000000000006,0.01,442.98,0,-1.069,0.02,-16.7199999999998,-7.11000000000058,-0.219999999999999,0,-1.5,0.399999999999999,0
"240","2020/12/1",20.77,0.1,0.0694,0,0,0,-0.146999999999998,-0.06,40.8199999999997,156.370000000001,-0.850000000000001,0,0,0,-3.3
"241","2020/12/2",21.17,0.1,0.0177999999999999,0,0,5934,0.181999999999995,0.03,6.5600000000004,-5.73999999999978,0.120000000000005,0,0,0,0
"242","2020/12/3",21.28,0.1,-0.0198999999999999,0,0,0,-0.317999999999998,-0.05,-2.29000000000042,27.8099999999995,-0.370000000000005,0,0,0,0
"243","2020/12/4",20.79,0.1,0.0575,0,0,0,0.113,0.04,32.4000000000001,87.0499999999993,0.690000000000005,0,0,0,0
"244","2020/12/7",21.3,0.1,-0.0332,0,0,0,0.918999999999997,-0.02,-7.15999999999985,55.7200000000012,0.029999999999994,0,0,0,0
"245","2020/12/8",20.68,0.1,-0.0149,0,0,0,0.135000000000005,0.01,10.29,62.8199999999997,0.0900000000000034,0,0,0,0
"246","2020/12/9",22.27,0.1,0.0202,0,0,20244,1.212,0.04,-29.4299999999998,-243.82,-0.149999999999999,0,0,0,0
"247","2020/12/10",22.52,0.1,-0.0179,0,0,0,0.771999999999998,-0.02,-4.72000000000025,66.8599999999988,0.600000000000001,0,0,0,0
"248","2020/12/11",23.31,0.1,0.012,0,0,0,0.872,0.1,-4.63999999999987,-27.9399999999987,-0.170000000000002,0,0,0,0
"249","2020/12/14",24.72,0.1,-0.00329999999999997,0,0,0,0.347000000000001,-0.08,-15.9700000000003,62.1700000000001,0.5,0,0,0,0
"250","2020/12/15",22.89,0.1,0.0169,0,0,0,-1.574,0.01,47.1300000000001,155.019999999999,0.399999999999999,0,0,0,0
"251","2020/12/16",22.5,0.1,0.00629999999999997,0,0,119934,0.325000000000003,-0.01,6.55000000000018,63.130000000001,0.270000000000003,0,0,0,0
"252","2020/12/17",21.93,0.1,0.0105999999999999,0,0,0,-0.429000000000002,-0.05,21.3099999999999,106.559999999999,0.589999999999996,0,0,0,0
"253","2020/12/18",21.57,0.1,0.0133000000000001,0,0,0,0.762999999999998,0.09,-13.0700000000002,-9.11000000000058,0.399999999999999,0,0,0,0
"254","2020/12/21",25.16,0.1,-0.0116000000000001,0,0,0,1.922,0.00999999999999995,-14.4899999999998,-13.119999999999,-0.799999999999997,0,0,0,0
"255","2020/12/22",24.23,0.1,-0.0101,0,0,0,0.579999999999998,-0.1,-7.65999999999985,65.3999999999996,-0.579999999999998,0,0,0,0
"256","2020/12/23",23.31,0.1,0.0226,0,0,41447,-1.532,0.04,2.75,-36.8099999999995,0.739999999999995,0,0,0,0
"257","2020/12/24",21.53,0.1,-0.0218999999999999,0,0,0,-0.312999999999995,0.13,13.0499999999997,33.619999999999,0.220000000000006,0,0,0,0
"258","2020/12/25",21.53,0.1,0,0,0,0,0,0,0,0,0,0,0,0,0
"259","2020/12/28",21.7,0.1,0,0,0,0,-1.809,-0.1,32.3000000000002,94.6900000000005,-0.440000000000005,0,0,0,0
"260","2020/12/29",23.08,0.1,0.00719999999999998,0,0,0,0.0579999999999998,0.01,-8.32000000000016,-49.2000000000007,0.289999999999999,0,0,0,0
"261","2020/12/30",22.77,0.1,-0.00939999999999996,0,0,-40688,-1.046,0.02,5,19.7800000000007,0.0200000000000031,0,0,0,0
"262","2020/12/31",22.75,0.3,-0.00990000000000002,0,229.920000000002,0,-1.242,0.0900000000000001,24.0300000000002,18.2800000000007,-0.100000000000001,0.2,3.2,1.3,0
"263","2021/1/1",22.75,0.3,0,0,0,0,0,0,0,0,0,0,0,0,3.40000000000001
"264","2021/1/4",26.97,0.3,0.00790000000000002,0,0,0,2.569,-0.0900000000000001,-55.4200000000001,-189.83,-0.420000000000002,0,0,0,0
"265","2021/1/5",25.34,0.3,0.0337999999999999,0,0,0,-0.728000000000002,-0.02,26.21,120.509999999998,0.980000000000004,0,0,0,0
"266","2021/1/6",25.07,0.3,0.0648,0,0,-28542,-0.125,-0.06,21.2799999999997,-78.1699999999983,-0.230000000000004,0,0,0,0
"267","2021/1/7",22.37,0.3,0.044,0,0,0,-1.494,-0.01,55.6500000000001,326.689999999999,0.330000000000005,0,0,0,0
"268","2021/1/8",21.56,0.3,0.0398000000000001,0,0,0,-0.465000000000003,0.06,20.8899999999999,134.5,0.789999999999999,0,0,0,0
"269","2021/1/11",24.08,0.3,0.0187,0,0,0,1.517,-0.03,-25.0699999999997,-165.549999999999,0.129999999999995,0,0,0,0
"270","2021/1/12",23.33,0.3,-0.0169000000000001,0,0,0,0.378999999999998,-0.07,1.57999999999993,36,0.530000000000001,0,0,0,0
"271","2021/1/13",22.21,0.3,-0.0439999999999999,0,0,-841,-1.713,0,8.65000000000009,56.5200000000004,0.350000000000001,0,0,0,0
"272","2021/1/14",23.25,0.3,0.0499999999999999,0,0,0,0.237000000000002,0.02,-14.3000000000002,-16.3100000000013,0.189999999999998,0,0,0,0
"273","2021/1/15",24.34,0.3,-0.0397,0,0,0,1.908,0.09,-27.29,-114.139999999999,-0.530000000000001,0,0,0,0
"274","2021/1/18",24.34,0.3,0,0,0,0,0,0,0,0,-0.339999999999996,0,0,0,0
"275","2021/1/19",23.24,0.3,0.0071,0,0,0,-1.442,-0.08,30.6599999999999,198.68,0.479999999999997,0,0,0,0
"276","2021/1/20",21.58,0.3,-0.00439999999999996,0,0,80974,0.219000000000001,0.03,52.9400000000001,260.07,-0.209999999999994,0,0,0,0
"277","2021/1/21",21.32,0.3,0.0337,-0.01,0,0,-0.007000000000005,0,1.22000000000025,73.6700000000001,-0.0600000000000023,0,0,0,0
"278","2021/1/22",21.91,0.3,-0.0223,0,0,0,0.327000000000005,0,-11.6000000000004,12.1399999999994,-0.450000000000003,0,0,0,0
"279","2021/1/25",23.19,0.3,-0.05,0,0,0,0.671999999999997,-0.02,13.8900000000003,92.9300000000003,0.329999999999998,0,0,0,0
"280","2021/1/26",23.02,0.3,-0.001,0,0,0,0.936,0.02,-5.74000000000024,-9.93000000000029,-0.269999999999996,0,0,0,0
"281","2021/1/27",37.21,0.3,-0.0165999999999999,0,0,-10016,3.009,0,-98.8499999999999,-355.459999999999,0.189999999999998,0,0,0,0
"282","2021/1/28",30.21,0.3,0.0306999999999999,-0.01,0,0,-0.259,0,36.6100000000001,66.5599999999995,-0.439999999999998,0,0,0,0
"283","2021/1/29",33.09,0.3,0.0285000000000001,0,0,0,0.615000000000002,0.18,-73.1400000000003,-266.469999999999,-0.100000000000001,0,0,0,0
"284","2021/2/1",30.24,0.2,0.0156999999999999,0.01,0,0,-1.065,-0.16,59.6200000000003,332.699999999999,0.899999999999999,0,-1.1,0.700000000000003,0.799999999999997
"285","2021/2/2",25.56,0.2,0.0112,0,0,0,-2.21599999999999,-0.02,52.4499999999998,209.390000000001,0.57,0,0,0,0
"286","2021/2/3",22.91,0.2,0.0372,0,0,5672,-0.151000000000003,0.03,3.86000000000013,-2.23999999999978,0.390000000000001,0,0,0,0
"287","2021/2/4",21.77,0.2,0.00770000000000004,0,0,0,-1.277,-0.02,41.5699999999997,167.199999999999,0.259999999999998,0,0,0,0
"288","2021/2/5",20.87,0.2,0.0342,0,0,0,-0.537999999999997,0.01,15.0900000000001,78.5599999999995,0.290000000000006,0,0,0,0
"289","2021/2/8",21.24,0.2,-0.00280000000000014,-0.01,0,0,-0.599000000000004,-0.03,28.7600000000002,131.34,0.979999999999997,0,0,0,0
"290","2021/2/9",21.63,0.2,-0.0176999999999998,0.01,0,0,0.575000000000003,-0.03,-4.36000000000013,20.0600000000013,0.299999999999997,0,0,0,0
"291","2021/2/10",21.99,0.2,-0.0263,0,0,31627,-0.493000000000002,0.01,-1.34999999999991,-35.1700000000001,0.240000000000002,0,0,0,0
"292","2021/2/11",21.25,0.2,0.0387,0,0,0,-0.0309999999999988,0.01,6.5,53.2399999999998,-0.210000000000001,0,0,0,0
"293","2021/2/12",19.97,0.2,0.0450999999999999,0,0,0,0.164000000000001,0.07,18.4499999999998,69.6999999999989,0.530000000000001,0,0,0,0
"294","2021/2/15",19.97,0.2,0,0,0,0,0,0,0,0,0.530000000000001,0,0,0,0
"295","2021/2/16",21.46,0.2,0.0959000000000001,0,0,0,0.144999999999996,-0.03,-2.23999999999978,-47.9699999999993,0.0899999999999963,0,0,0,0
"296","2021/2/17",21.5,0.2,-0.0277000000000001,0,0,115177,-0.285999999999994,-0.03,-1.26000000000022,-82,0.280000000000001,0,0,0,0
"297","2021/2/18",22.49,0.2,0.0233000000000001,-0.01,0,0,0.718999999999994,0.12,-17.3600000000001,-100.139999999999,-0.140000000000001,0,0,0,0
"298","2021/2/19",22.05,0.2,0.0408999999999999,0,0,0,0.623000000000005,-0.08,-7.25999999999976,9.10999999999876,-0.229999999999997,0,0,0,0
"299","2021/2/22",23.45,0.2,0.0227999999999999,0,0,0,2.17899999999999,0,-30.21,-341.42,1.37,0,0,0,0
"300","2021/2/23",23.11,0.2,-0.0236000000000001,0,0,0,-0.978999999999999,0.01,4.86999999999989,-67.8499999999985,0.25,0,0,0,0
"301","2021/2/24",21.34,0.2,0.0218,0,0,32709,-1.113,-0.09,44.0599999999999,132.769999999999,1.27,0,0,0,0
"302","2021/2/25",28.89,0.2,0.0953000000000002,0,0,0,4.517,0.12,-96.0899999999997,-478.539999999999,-0.0600000000000023,0,0,0,0
"303","2021/2/26",27.95,0.2,-0.0700000000000001,0,0,0,-0.352000000000004,0.16,-18.1900000000001,72.9200000000001,-1.45,0,0,0,0
"304","2021/3/1",23.35,0.4,0.02,0,0,0,-3.162,-0.25,90.6700000000001,396.48,-0.43,0.3,1.5,-2.6,0.200000000000003
"305","2021/3/2",24.1,0.4,-0.0276000000000001,0,0,0,0.658000000000001,0.06,-31.5300000000002,-230.039999999999,-0.0800000000000054,0,0,0,0
"306","2021/3/3",26.67,0.4,0.0698000000000001,0,0,-32587,1.226,0.04,-50.5700000000002,-361.040000000001,0.940000000000005,0,0,0,0
"307","2021/3/4",28.57,0.4,0.0791999999999999,0,0,0,1.899,0.0600000000000001,-51.25,-274.280000000001,1.2,0,0,0,0
"308","2021/3/5",24.66,0.4,0.00990000000000002,0,0,0,-2.849,0.0599999999999999,73.4700000000003,196.68,1.48,0,0,0,0
"309","2021/3/8",25.47,0.4,-0.0011000000000001,0,0,0,2.51,-0.14,-20.5900000000001,-310.99,-0.390000000000001,0,0,0,0
"310","2021/3/9",24.03,0.4,-0.0625,0,0,0,-1.035,-0.04,54.0900000000001,464.66,-0.289999999999999,0,0,0,0
"311","2021/3/10",22.56,0.4,-0.000599999999999934,0,0,22377,-2.187,0,23.3699999999999,-4.98999999999978,-0.0300000000000011,0,0,0,0
"312","2021/3/11",21.91,0.4,0.0330999999999999,0,0,0,-0.363999999999997,0.02,40.5300000000002,329.84,0.909999999999997,0,0,0,0
"313","2021/3/12",20.69,0.4,0.0796000000000001,0,0,0,0.119999999999997,0,4,-78.8099999999995,-0.119999999999997,0,0,0,0
"314","2021/3/15",20.03,0.4,-0.0232000000000001,0,0,0,-1.082,-0.06,25.5999999999999,139.849999999999,-0.130000000000003,0,0,0,0
"315","2021/3/16",19.79,0.4,0.0144000000000002,0,0,0,0.368000000000002,0.05,-6.23000000000002,11.8600000000006,-0.0899999999999963,0,0,0,0
"316","2021/3/17",19.23,0.4,0.0407999999999999,0,0,113605,-1.083,0.01,11.4099999999999,53.630000000001,0.229999999999997,0,0,0,0
"317","2021/3/18",21.58,0.4,0.0453999999999999,0,0,0,1.578,0.03,-58.6599999999999,-409.030000000001,-2.41,0,0,0,0
"318","2021/3/19",20.95,0.4,0.0167000000000002,0,0,0,-0.363999999999997,0.04,-2.36000000000013,99.0699999999997,0.519999999999996,0,0,0,0
"319","2021/3/22",18.88,0.4,-0.0244,0,0,0,5.369,-0.12,27.4900000000002,162.300000000001,0.219999999999999,0,0,0,0
"320","2021/3/23",20.3,0.4,-0.0720000000000001,0,0,0,0.491999999999997,0.05,-30.0700000000002,-149.84,-1.79,0,0,0,0
"321","2021/3/24",21.2,0.4,-0.0135000000000001,0,0,26116,0.119,0.13,-21.3800000000001,-265.810000000001,1.82,0,0,0,0
"322","2021/3/25",19.81,0.4,0.0346,0,0,0,-0.442,0.01,20.3800000000001,15.7900000000009,-1.8,0,0,0,0
"323","2021/3/26",18.86,0.4,0.0408000000000002,0,0,0,-1.31,0,65.02,161.039999999999,1.53,0,0,0,0
"324","2021/3/29",20.74,0.4,0.0300999999999998,0,0,0,-0.166000000000004,-0.07,-3.44999999999982,-79.0699999999997,0.0700000000000003,0,0,0,0
"325","2021/3/30",19.61,0.4,-0.0109999999999999,0,0,0,0.340000000000003,-0.03,-12.54,-14.2600000000002,-0.609999999999999,0,0,0,0
"326","2021/3/31",19.4,0.6,0.0237000000000001,-0.01,806.899999999998,-30634,-2.523,-0.06,14.3399999999997,201.480000000001,-0.790000000000006,0.9,2.8,6.3,0
"327","2021/4/1",17.33,0.6,-0.0687,0.01,0,0,-2.749,0,46.98,233.24,2.22000000000001,0,0,0,3.8
"328","2021/4/2",17.33,0.6,0,0,0,0,0,0,0,0,0,0,0,0,0
"329","2021/4/5",17.91,0.6,0.0225,0,0,0,0.0530000000000044,-0.01,58.04,225.48,-1.22000000000001,0,0,0,0
"330","2021/4/6",18.12,0.6,-0.0345,0,0,0,0.329999999999998,0,-3.9699999999998,-7.21000000000095,0.610000000000007,0,0,0,0
"331","2021/4/7",17.16,0.6,0.0218,0,0,19894,0.179000000000002,0.06,6.00999999999976,-9.53999999999905,0.129999999999995,0,0,0,0
"332","2021/4/8",16.95,0.6,-0.0508000000000002,0,0,0,-0.813000000000002,-0.02,17.2200000000003,140.469999999999,-0.670000000000002,0,0,0,0
"333","2021/4/9",16.69,0.6,0.0333000000000001,0,0,0,-0.106000000000002,0.05,31.6300000000001,70.880000000001,0.0300000000000011,0,0,0,0
"334","2021/4/12",16.91,0.6,-0.00480000000000014,0,0,0,0.100999999999999,-0.02,-0.8100000000004,-50.1900000000005,0.469999999999999,0,0,0,0
"335","2021/4/13",16.65,0.6,-0.0432999999999999,0,0,0,0.244,-0.04,13.6000000000004,146.1,0.460000000000001,0,0,0,0
"336","2021/4/14",16.99,0.6,0.0157,0,0,84222,-0.0779999999999959,-0.01,-16.9300000000003,-138.26,1.63,0,0,0,0
"337","2021/4/15",16.57,0.6,-0.0544,0,0,0,-1.151,0.05,45.7600000000002,180.92,-0.200000000000003,0,0,0,0
"338","2021/4/16",16.25,0.6,0.00170000000000003,0,0,0,0.325000000000003,-0.04,15.0500000000002,13.5799999999999,-0.18,0,0,0,0
"339","2021/4/19",17.29,0.6,0.0288999999999999,0,0,0,0.399999999999999,0.01,-22.21,-137.57,0.0100000000000051,0,0,0,0
"340","2021/4/20",18.68,0.6,-0.0378000000000001,0,0,0,1.371,0.03,-28.3200000000006,-128.5,-0.57,0,0,0,0
"341","2021/4/21",17.5,0.6,-0.00139999999999985,0,0,27844,-0.585999999999999,-0.05,38.4800000000005,163.949999999999,-0.630000000000003,0,0,0,0
"342","2021/4/22",18.71,0.6,-0.0175000000000001,0,0,0,0.541999999999994,0.09,-38.4400000000005,-131.809999999999,0.399999999999999,0,0,0,0
"343","2021/4/23",17.33,0.6,0.00939999999999985,0,0,0,-0.884,0.03,45.1900000000005,198.4,0.560000000000002,0,0,0,0
"344","2021/4/26",17.64,0.6,-0.00119999999999987,0,0,0,-0.019999999999996,-0.12,7.44999999999982,121.970000000001,0.0399999999999991,0,0,0,0
"345","2021/4/27",17.56,0.6,0.0427999999999999,0,0,0,0.390999999999998,0.07,-0.899999999999636,-48.5600000000013,0.689999999999998,0,0,0,0
"346","2021/4/28",17.28,0.6,0.00350000000000006,0,0,-39986,-0.728000000000002,-0.07,-3.53999999999996,-39.1899999999987,0.480000000000004,0,0,0,0
"347","2021/4/29",17.61,0.6,0.0267999999999999,-0.01,0,0,-0.766999999999996,0.04,28.29,31.5199999999986,0.589999999999996,0,0,0,0
"348","2021/4/30",18.61,0.6,-0.00459999999999994,-0.01,286.100000000002,0,0.393000000000001,0.12,-30.3000000000002,-119.869999999999,-1.1,1.6,-3.1,0.5,0
"349","2021/5/3",18.31,0.6,-0.0284,0.01,0,0,-0.169000000000004,-0.08,11.4899999999998,-67.5599999999995,0.720000000000006,0,0,0,5.2
"350","2021/5/4",19.48,0.6,-0.00520000000000009,0,0,0,0.526000000000003,0.05,-28,-261.620000000001,1.01,0,0,0,0
"351","2021/5/5",19.15,0.6,-0.0185,0,0,29524,0.283000000000001,-0.1,2.93000000000029,-51.0799999999999,0.140000000000001,0,0,0,0
"352","2021/5/6",18.39,0.6,0.00150000000000006,0,0,0,0.207000000000001,0.11,34.0299999999997,50.4200000000001,-0.280000000000001,0,0,0,0
"353","2021/5/7",16.69,0.6,0.0153999999999999,0,0,0,-0.917000000000002,-0.0599999999999999,30.9800000000005,119.4,0.420000000000002,0,0,0,0
"354","2021/5/10",19.66,0.6,0.0169000000000001,0,0,0,1.499,0.08,-44.1700000000001,-350.379999999999,0.280000000000001,0,0,0,0
"355","2021/5/11",21.84,0.6,0.0137,0,0,0,0.409000000000006,-0.02,-36.3299999999999,-12.4300000000003,0.449999999999996,0,0,0,0
"356","2021/5/12",27.59,0.6,0.0657999999999999,0,0,20177,1.522,0.0600000000000001,-89.0600000000004,-357.75,0.630000000000003,0,0,0,0
"357","2021/5/13",23.13,0.6,-0.0242,0,0,0,-1.489,0,49.46,93.3099999999995,-1.93,0,0,0,0
"358","2021/5/14",18.81,0.6,-0.0230999999999999,0,0,0,-1.633,-0.09,61.3500000000004,304.99,0.740000000000002,0,0,0,0
"359","2021/5/17",19.72,0.6,0.0143,0,0,0,0.861999999999995,0.01,-10.5600000000004,-50.9300000000003,0.269999999999996,0,0,0,0
"360","2021/5/18",21.34,0.6,-0.00790000000000002,0,0,0,1.004,-0.0700000000000001,-35.46,-75.4099999999999,-0.329999999999998,0,0,0,0
"361","2021/5/19",22.18,0.6,0.028,0,0,92220,0.405000000000001,0.1,-12.1499999999996,-3.89999999999964,-1.57,0,0,0,0
"362","2021/5/20",20.67,0.6,-0.0359,0,0,0,-0.676000000000002,-0.1,43.4399999999996,236,-0.730000000000004,0,0,0,0
"363","2021/5/21",20.15,0.6,-0.0116000000000001,0,0,0,0.174999999999997,0.05,-3.26000000000022,-64.75,0.990000000000002,0,0,0,0
"364","2021/5/24",18.4,0.6,-0.0164,0,0,0,-1.069,-0.12,41.1900000000005,190.18,1.45,0,0,0,0
"365","2021/5/25",18.84,0.6,-0.0343,0,0,0,0.622,0.08,-8.92000000000007,-4,-0.0300000000000011,0,0,0,0
"366","2021/5/26",17.36,0.6,0.00960000000000005,0,0,-19342,-0.343000000000004,-0.05,7.85999999999967,80.8299999999999,0.18,0,0,0,0
"367","2021/5/27",16.74,0.6,0.0344,0,0,0,-0.710999999999999,-0.03,4.89000000000033,-1.71999999999935,0.229999999999997,0,0,0,0
"368","2021/5/28",16.76,0.6,-0.00800000000000001,-0.01,0,0,-0.317999999999998,0.04,3.22999999999956,12.4599999999991,-0.459999999999994,0,0,0,0
"369","2021/5/31",16.76,0.7,0,0,0,0,0,0,0,0,0.489999999999995,0.8,1,0.5,0
"370","2021/6/1",17.9,0.7,0.00600000000000001,0.01,0,0,-0.561,-0.03,-2.06999999999971,-12.2600000000002,0.609999999999999,0,0,0,-5
"371","2021/6/2",17.48,0.7,-0.0166999999999999,0,0,32162,0.0180000000000007,-0.05,6.07999999999993,19.8500000000004,0.659999999999997,0,0,0,0
"372","2021/6/3",18.04,0.7,0.0275999999999998,0,0,0,0.820999999999998,0.04,-15.2699999999995,-141.82,-0.0499999999999972,0,0,0,0
"373","2021/6/4",16.42,0.7,-0.0618999999999998,0,0,0,-0.725000000000001,0.03,37.04,199.98,0.519999999999996,0,0,0,0
"374","2021/6/7",16.42,0.7,0.00539999999999985,0,0,0,0.247,-0.01,-3.36999999999989,67.2299999999996,0,0,0,0,0
"375","2021/6/8",17.07,0.7,-0.0316999999999998,0,0,0,0.0260000000000034,-0.08,0.739999999999782,43.1900000000005,0.490000000000009,0,0,0,0
"376","2021/6/9",17.89,0.7,-0.0463,0,0,16624,-0.222000000000001,0.01,-7.71000000000004,-13.1599999999999,-0.0600000000000023,0,0,0,0
"377","2021/6/10",16.1,0.7,-0.0471000000000001,0,0,0,-1.313,0.07,19.6300000000001,108.58,0.0900000000000034,0,0,0,0
"378","2021/6/11",15.65,0.7,0.016,0,0,0,-0.625,0.05,8.25999999999931,49.0900000000001,0.0499999999999972,0,0,0,0
"379","2021/6/14",16.39,0.7,0.0321,0,0,0,0.332999999999998,-0.12,7.71000000000004,104.719999999999,0,0,0,0,0
"380","2021/6/15",17.02,0.7,-0.00780000000000003,0,0,0,0.0420000000000016,0.09,-8.55999999999949,-101.279999999999,0.489999999999995,0,0,0,0
"381","2021/6/16",18.15,0.7,0.0410000000000001,0,0,111930,0.661000000000001,0.1,-22.8900000000003,-33.1800000000003,0.210000000000008,0,0,0,0
"382","2021/6/17",17.75,0.7,-0.0755000000000001,0.04,0,0,0.323,-0.0600000000000001,-1.84000000000015,121.67,-1.2,0,0,0,0
"383","2021/6/18",20.7,0.7,-0.1107,0,0,0,1.286,0.0700000000000001,-55.4099999999999,-130.970000000001,0.290000000000006,0,0,0,0
"384","2021/6/21",17.89,0.7,0.0503,0,0,0,-1.422,-0.14,58.3400000000001,111.1,0.819999999999993,0,0,0,0
"385","2021/6/22",16.66,0.7,0.000800000000000134,0,0,0,-0.454999999999998,0.05,21.6499999999996,111.790000000001,0.299999999999997,0,0,0,0
"386","2021/6/23",16.32,0.7,-0.0121,0,0,37688,-0.298999999999999,-0.08,-4.59999999999945,18.4599999999991,0.469999999999999,0,0,0,0
"387","2021/6/24",15.97,0.7,0.000799999999999912,0,0,0,-0.765999999999998,0.01,24.6499999999996,97.9799999999996,0.290000000000006,0,0,0,0
"388","2021/6/25",15.62,0.7,0.0342,0,0,0,-0.774999999999999,0.08,14.21,-9.31999999999971,0.409999999999997,0,0,0,0
"389","2021/6/28",15.76,0.7,-0.0358000000000001,0,0,0,0.626999999999995,-0.06,9.90999999999985,140.120000000001,-0.769999999999996,0,0,0,0
"390","2021/6/29",16.02,0.7,-0.0028999999999999,0,0,0,-0.00600000000000023,0.01,1.19000000000051,27.8199999999997,0.0799999999999983,0,0,0,0
"391","2021/6/30",15.83,0.9,9.9999999999989e-05,-0.02,392.199999999997,-23401,-0.155000000000001,-0.03,5.69999999999982,-24.3799999999992,-0.0999999999999943,0.4,-0.700000000000003,-2.5,0
"392","2021/7/1",15.48,0.9,-0.0143,0.02,0,0,-0.0670000000000002,0.04,22.4399999999996,18.4299999999985,0.759999999999991,0,0,0,-3.8
"393","2021/7/2",15.07,0.9,-0.0149000000000001,0,0,0,-0.725999999999999,0.07,32.4000000000005,116.950000000001,0.350000000000009,0,0,0,0
"394","2021/7/5",15.07,0.9,0,0,0,0,0,0,0,0,0.339999999999989,0,0,0,0
"395","2021/7/6",16.44,0.9,-0.0599999999999998,0,0,0,0.673999999999999,0,-8.80000000000018,24.3099999999995,-2.19,0,0,0,0
"396","2021/7/7",16.2,0.9,-0.028,0,0,19229,0.376000000000005,0.01,14.5900000000001,1.42000000000007,-0.879999999999995,0,0,0,0
"397","2021/7/8",19,0.9,-0.00380000000000003,0,0,0,1.076,0.07,-37.3100000000004,-105.269999999999,0.549999999999997,0,0,0,0
"398","2021/7/9",16.18,0.9,0.0485,0,0,0,-1.01000000000001,-0.0599999999999999,48.7300000000005,142.129999999999,1.22,0,0,0,0
"399","2021/7/12",16.17,0.9,-0.00910000000000011,0,0,0,-0.080999999999996,-0.04,15.0799999999999,31.3199999999997,-0.0300000000000011,0,0,0,0
"400","2021/7/13",17.12,0.9,0.026,0,0,0,0.661999999999999,-0.01,-15.4200000000001,-55.5900000000001,1.18000000000001,0,0,0,0
"401","2021/7/14",16.33,0.9,-0.0408999999999999,0,0,103878,0.0180000000000007,0.01,5.09000000000015,-32.6999999999989,-1.26000000000001,0,0,0,0
"402","2021/7/15",17.01,0.9,-0.0470999999999999,0,0,0,0.747,0.1,-14.2700000000004,-101.820000000002,-0.620000000000005,0,0,0,0
"403","2021/7/16",18.45,0.9,-0.00700000000000012,0,0,0,0.704999999999998,0.1,-32.8699999999999,-115.889999999999,0.430000000000007,0,0,0,0
"404","2021/7/19",22.5,0.9,-0.0956,0,0,0,2.23,-0.16,-68.6700000000001,-152.26,-3.93,0,0,0,0
"405","2021/7/20",19.73,0.9,0.049,0,0,0,-1.561,-0.09,64.5700000000006,223.9,0.269999999999996,0,0,0,0
"406","2021/7/21",17.91,0.9,0.0584,0,0,38879,-1.83799999999999,0.02,35.6299999999992,133.070000000002,2.27,0,0,0,0
"407","2021/7/22",17.69,0.9,-0.00209999999999999,0,0,0,0.247,0.11,8.78999999999996,52.6499999999996,0.790000000000006,0,0,0,0
"408","2021/7/23",17.2,0.9,-0.000299999999999967,0,0,0,-0.717000000000006,0.04,44.3100000000004,152.389999999999,0.0499999999999972,0,0,0,0
"409","2021/7/26",17.58,0.9,0.0172999999999999,0,0,0,0.240000000000002,-0.07,10.5100000000002,3.71999999999935,0.11999999999999,0,0,0,0
"410","2021/7/27",19.36,0.9,-0.0578999999999998,0,0,0,0.960000000000001,0.0499999999999999,-20.8400000000001,-180.129999999999,-0.0999999999999943,0,0,0,0
"411","2021/7/28",18.31,0.9,-0.00650000000000017,0,0,-19057,-0.566000000000003,-0.07,-0.819999999999709,102,0.569999999999993,0,0,0,0
"412","2021/7/29",17.7,0.9,0.0347000000000002,0,0,0,-0.0549999999999997,-0.04,18.5099999999993,15.6800000000003,1.07000000000001,0,0,0,0
"413","2021/7/30",18.24,0.9,-0.0274000000000001,-0.03,0,0,0.795000000000002,0.0800000000000001,-23.8899999999994,-105.58,0.0799999999999983,0,0,0,0
"414","2021/8/2",19.46,0.5,-0.0332999999999999,0.03,0,0,0.0549999999999997,-0.05,-8.10000000000036,8.38999999999942,-1.92,0,-1,3.39999999999999,-4.5
"415","2021/8/3",18.04,0.5,-0.00320000000000009,0,0,0,-0.0679999999999978,-0.04,35.9899999999998,80.2200000000012,-0.0699999999999932,0,0,0,0
"416","2021/8/4",17.97,0.5,-9.9999999999989e-05,0,0,13600,0.661999999999999,0.05,-20.4899999999998,19.2399999999998,-1.17,0,0,0,0
"417","2021/8/5",17.28,0.5,0.0237000000000001,0,0,0,-0.814,0,26.4400000000005,114.59,0.849999999999994,0,0,0,0
"418","2021/8/6",16.15,0.5,0.0630999999999999,0,0,0,-0.603999999999999,0.03,7.42000000000007,-59.3600000000006,-0.129999999999995,0,0,0,0
"419","2021/8/9",16.72,0.5,0.0147999999999999,0,0,0,0.414000000000001,-0.0600000000000001,-4.17000000000007,24.4200000000001,-1.38,0,0,0,0
"420","2021/8/10",16.79,0.5,0.00730000000000008,0,0,0,0.903999999999996,-0.06,4.39999999999964,-72.0900000000001,1.25999999999999,0,0,0,0
"421","2021/8/11",16.06,0.5,0.00099999999999989,0,0,22086,-0.440999999999995,0.09,10.9499999999998,-22.9600000000009,0.75,0,0,0,0
"422","2021/8/12",15.59,0.5,0.0246000000000002,0,0,0,-0.858000000000004,0.01,13.1300000000001,51.130000000001,-0.109999999999999,0,0,0,0
"423","2021/8/13",15.45,0.5,-0.0667,0,0,0,-0.640000000000001,0.0399999999999999,7.17000000000007,6.63999999999942,-0.459999999999994,0,0,0,0
"424","2021/8/16",16.12,0.5,-0.0138,0,0,0,0.422000000000004,-0.0299999999999999,11.71,-29.1399999999994,-0.810000000000002,0,0,0,0
"425","2021/8/17",17.91,0.5,-0.00740000000000007,0,0,0,0.888999999999996,0.0399999999999999,-31.6300000000001,-137.58,-0.670000000000002,0,0,0,0
"426","2021/8/18",21.57,0.5,-0.00560000000000005,-0.01,0,85439,0.832000000000001,-0.0599999999999999,-47.8099999999995,-130.27,-0.700000000000003,0,0,0,0
"427","2021/8/19",21.67,0.5,-0.0190999999999999,0,0,0,-0.0760000000000005,0.09,5.52999999999975,15.880000000001,-1.47,0,0,0,0
"428","2021/8/20",18.56,0.5,0.00719999999999987,0,0,0,-0.814,-0.04,35.8699999999999,172.869999999999,-1.21,0,0,0,0
"429","2021/8/23",17.15,0.5,-0.00339999999999985,0,0,0,-1.104,-0.16,37.8599999999997,227.99,2.87,0,0,0,0
"430","2021/8/24",17.22,0.5,0.0436999999999999,0,0,0,-0.0630000000000024,-0.02,6.69999999999982,77.1499999999996,1.55,0,0,0,0
"431","2021/8/25",16.79,0.5,0.0292000000000001,0,0,-9855,-0.664999999999999,0.03,9.96000000000004,22.0600000000013,0.61999999999999,0,0,0,0
"432","2021/8/26",18.84,0.5,0.0081,0,0,0,0.657000000000004,0.13,-26.1899999999996,-96.0500000000011,-0.739999999999995,0,0,0,0
"433","2021/8/27",16.39,0.5,-0.0165999999999999,-0.01,0,0,-1.918,-0.0600000000000001,39.3699999999999,183.690000000001,1.20999999999999,0,0,0,0
"434","2021/8/30",16.19,0.5,-0.0148000000000001,0,0,0,-0.379000000000005,-0.07,19.4200000000001,136.389999999999,0.210000000000008,0,0,0,0
"435","2021/8/31",16.48,0.3,0.0224,-0.02,426.900000000001,0,-0.080999999999996,0.04,-6.10999999999967,-6.64999999999964,-0.310000000000002,-0.100000000000001,-0.199999999999996,-1.89999999999999,0
"436","2021/9/1",16.11,0.3,-0.0152999999999999,0.02,0,16430,-0.017000000000003,-0.01,1.40999999999985,50.1399999999994,0.179999999999993,0,0,0,-0.399999999999999
"437","2021/9/2",16.41,0.3,-0.00629999999999997,0,0,0,0.300000000000004,-0.03,12.8599999999997,21.8000000000011,1.05000000000001,0,0,0,0
"438","2021/9/3",16.41,0.3,0.0383,0,0,0,0.477999999999994,0.08,-1.51999999999953,32.3400000000001,-0.310000000000002,0,0,0,0
"439","2021/9/6",16.41,0.3,0,0,0,0,0,0,0,0,-0.159999999999997,0,0,0,0
"440","2021/9/7",18.14,0.3,0.0368999999999999,0,0,0,0.389000000000003,-0.07,-15.4000000000005,10.8099999999995,-0.420000000000002,0,0,0,0
"441","2021/9/8",17.96,0.3,-0.0317000000000001,0,0,8141,-0.533999999999999,-0.01,-5.96000000000004,-87.6900000000005,0.22999999999999,0,0,0,0
"442","2021/9/9",18.8,0.3,-0.0367,0,0,0,0.217999999999996,0.05,-20.79,-38.3899999999994,-0.75,0,0,0,0
"443","2021/9/10",20.95,0.3,0.0437000000000001,0,0,0,0.365000000000002,0.0600000000000001,-34.6999999999998,-132.76,1.26000000000001,0,0,0,0
"444","2021/9/13",19.37,0.3,-0.0154000000000001,0,0,0,-0.591000000000001,-0.07,10.1499999999996,-9.90999999999985,0.469999999999999,0,0,0,0
"445","2021/9/14",19.46,0.3,-0.0364,0,0,0,0.210000000000001,0.09,-25.6799999999994,-67.8199999999997,-0.109999999999999,0,0,0,0
"446","2021/9/15",18.18,0.3,0.0110999999999999,0,0,91456,-0.738999999999997,-0.0600000000000001,37.6499999999996,123.77,1.04000000000001,0,0,0,0
"447","2021/9/16",18.69,0.3,0.0308000000000002,0,0,0,-0.0450000000000017,0,-6.94999999999982,20.3899999999994,0.0600000000000023,0,0,0,0
"448","2021/9/17",20.81,0.3,0.0213999999999999,0,0,0,0.627000000000002,0.0700000000000001,-40.7600000000002,-137.950000000001,-0.530000000000001,0,0,0,0
"449","2021/9/20",25.71,0.3,-0.0449999999999999,0,0,0,6.988,-0.02,-75.2600000000002,-330.07,-1.32000000000001,0,0,0,0
"450","2021/9/21",24.36,0.3,0.0138,0,0,0,-0.593000000000004,-0.1,-3.53999999999996,32.5,0.450000000000003,0,0,0,0
"451","2021/9/22",20.87,0.3,-0.0444,0,0,41054,-1.727,0.04,41.4500000000007,150.450000000001,1.15000000000001,0,0,0,0
"452","2021/9/23",18.63,0.3,0.105,0,0,0,-0.573,-0.05,53.3399999999992,155.389999999999,0.889999999999986,0,0,0,0
"453","2021/9/24",17.75,0.3,0.0121,0,0,0,0.109999999999999,0.14,6.5,-4.53999999999905,0.530000000000001,0,0,0,0
"454","2021/9/27",18.76,0.3,0.0278,0,0,0,-0.0200000000000031,-0.14,-12.3699999999999,-77.7300000000014,1.49000000000001,0,0,0,0
"455","2021/9/28",23.25,0.3,0.0271999999999999,0,0,0,1.139,0.12,-90.4799999999996,-423.289999999999,-0.240000000000009,0,0,0,0
"456","2021/9/29",22.56,0.3,-0.00889999999999991,0,0,-41843,0.0959999999999965,-0.04,6.82999999999993,-34.2399999999998,0.0300000000000011,0,0,0,0
"457","2021/9/30",23.14,0.4,-0.0157,-0.02,152.5,0,1.068,0.07,-51.9200000000001,-63.8600000000006,-0.0699999999999932,0.100000000000001,0.799999999999997,0.399999999999999,0
"458","2021/10/1",21.15,0.4,-0.014,0.02,0,0,-0.883000000000003,-0.0199999999999999,49.5,118.120000000001,1.06,0,0,0,2.6
"459","2021/10/4",22.96,0.4,0.00350000000000006,0,0,0,0.948999999999998,0.0299999999999999,-56.5799999999999,-311.220000000001,1.34999999999999,0,0,0,0
"460","2021/10/5",21.3,0.4,0.0408999999999999,0,0,0,0.429000000000002,-0.14,45.2600000000002,178.35,1.08,0,0,0,0
"461","2021/10/6",21,0.4,-0.0150999999999999,0,0,16051,-0.00200000000000244,0.03,17.8299999999999,68.0799999999999,-1.34999999999999,0,0,0,0
"462","2021/10/7",19.54,0.4,0.0403,0,0,0,-0.448999999999998,0.04,36.21,152.110000000001,0.799999999999997,0,0,0,0
"463","2021/10/8",18.77,0.4,0.0266,0,0,0,0.600000000000001,0.03,-8.42000000000007,-74.4799999999996,0.290000000000006,0,0,0,0
"464","2021/10/11",20,0.4,0,0,0,0,0,0,-30.1500000000005,-93.3400000000001,1.14999999999999,0,0,0,0
"465","2021/10/12",19.85,0.4,-0.0549999999999999,0,0,0,1.157,-0.14,-10.54,-20.2800000000007,0.0600000000000023,0,0,0,0
"466","2021/10/13",18.64,0.4,-0.0602,0,0,16910,-0.925999999999995,0.07,13.1500000000005,105.709999999999,0.0600000000000023,0,0,0,0
"467","2021/10/14",16.86,0.4,-0.0283,0,0,0,-1.984,-0.03,74.46,251.800000000001,0.480000000000004,0,0,0,0
"468","2021/10/15",16.3,0.4,0.0248999999999999,0,0,0,0.0189999999999984,0.03,33.1099999999997,73.9099999999999,0.279999999999987,0,0,0,0
"469","2021/10/18",16.31,0.4,-0.000599999999999934,0,0,0,-0.0139999999999958,-0.06,15.0900000000001,124.469999999999,-0.469999999999999,0,0,0,0
"470","2021/10/19",15.7,0.4,0.0670999999999999,0,0,0,-0.654000000000003,-0.02,33.1700000000001,107.280000000001,0.400000000000006,0,0,0,0
"471","2021/10/20",15.49,0.4,0.0294000000000001,0,0,84001,-0.250999999999998,0.02,16.5599999999995,-7.40999999999985,0.810000000000002,0,0,0,0
"472","2021/10/21",15.01,0.4,-0.0247000000000002,0,0,0,0.411000000000001,0.02,13.5900000000001,94.0200000000004,-1.28,0,0,0,0
"473","2021/10/22",15.43,0.4,-0.0675999999999999,0,0,0,0.433999999999997,0.09,-4.88000000000011,-125.5,-0.019999999999996,0,0,0,0
"474","2021/10/25",15.24,0.4,0.0164,0,0,0,-0.725000000000001,-0.12,21.5799999999999,136.509999999998,0.599999999999994,0,0,0,0
"475","2021/10/26",15.98,0.4,-0.0271000000000001,0,0,0,-0.384999999999998,0.02,8.3100000000004,9,0.180000000000007,0,0,0,0
"476","2021/10/27",16.98,0.4,-0.1299,0,0,-8762,0.613,0.08,-23.1099999999997,0.130000000001019,-1.22000000000001,0,0,0,0
"477","2021/10/28",16.53,0.4,0.0525,0,0,0,-0.367000000000004,-0.15,44.7399999999998,212.280000000001,-0.179999999999993,0,0,0,0
"478","2021/10/29",16.26,0.4,-0.0358000000000001,-0.01,0,0,1.062,0.1,8.96000000000004,50.2699999999986,-0.280000000000001,0,0,0,0
"479","2021/11/1",16.41,0.9,0.00140000000000007,0.01,0,0,0.280000000000001,-0.06,8.28999999999996,97.5300000000007,0.359999999999999,0.8,0.299999999999997,4.1,-0.399999999999999
"480","2021/11/2",16.03,0.9,0.0424,0,0,0,-0.587000000000003,-0.03,16.9799999999996,53.6800000000003,0.0900000000000034,0,0,0,0
"481","2021/11/3",15.1,0.9,0.0386,0,0,18690,-1.098,0.02,29.9200000000001,161.98,-1.90000000000001,0,0,0,0
"482","2021/11/4",15.44,0.9,-0.0357000000000001,0,0,0,-0.524999999999999,0,19.4900000000007,128.73,-0.219999999999999,0,0,0,0
"483","2021/11/5",16.48,0.9,-0.0512999999999999,0,0,0,-0.942,0.05,17.4699999999993,31.2800000000007,1.94,0,0,0,0
"484","2021/11/8",17.22,0.9,-0.00340000000000007,0,0,0,0.0559999999999974,-0.08,4.17000000000007,10.7700000000004,0.530000000000001,0,0,0,0
"485","2021/11/9",17.78,0.9,-0.0321,0,0,0,0.679000000000002,0.08,-16.4499999999998,-95.8199999999997,0.540000000000006,0,0,0,0
"486","2021/11/10",18.73,0.9,0.0214000000000001,0,0,88246,1.228,0.04,-38.54,-263.830000000002,-1.53,0,0,0,0
"487","2021/11/11",17.66,0.9,0,0,0,0,0,0,2.5600000000004,81.5700000000015,0.439999999999998,0,0,0,0
"488","2021/11/12",16.29,0.9,0.0134000000000001,0,0,0,-0.597999999999999,-0.01,33.5799999999999,156.679999999998,-0.549999999999997,0,0,0,0
"489","2021/11/15",16.49,0.9,0.0489999999999999,0,0,0,-0.0120000000000005,-0.05,-0.0500000000001819,-7.10999999999876,0,0,0,0,0
"490","2021/11/16",16.37,0.9,0.0167999999999999,0,0,0,-0.126000000000005,0.02,18.0999999999995,120.01,0.230000000000004,0,0,0,0
"491","2021/11/17",17.11,0.9,-0.0246,0,0,11853,0.334000000000003,0.01,-12.2299999999996,-52.2900000000009,-1.42,0,0,0,0
"492","2021/11/18",17.59,0.9,-0.00760000000000005,0,0,0,0.113,0,15.8699999999999,72.1399999999994,0.949999999999989,0,0,0,0
"493","2021/11/19",17.91,0.9,-0.0438999999999998,0,0,0,0.674999999999997,-0.03,-6.57999999999993,63.7300000000014,-1.81999999999999,0,0,0,0
"494","2021/11/22",19.17,0.9,-9.9999999999989e-05,0,0,0,0.911000000000001,-0.02,-15.0200000000004,-202.68,1.04000000000001,0,0,0,0
"495","2021/11/23",19.38,0.9,0.0114999999999998,0,0,0,0.338999999999999,0.13,7.76000000000022,-79.6200000000008,2.02,0,0,0,0
"496","2021/11/24",18.58,0.9,-0.0566,0,0,6801,0.0100000000000051,-0.03,10.7600000000002,70.0900000000001,-0.260000000000005,0,0,0,0
"497","2021/11/25",18.58,0.9,0,0,0,0,0,0,0,0,0.180000000000007,0,0,0,0
"498","2021/11/26",28.62,0.9,-0.0192,0,0,0,4.434,0.0600000000000001,-106.84,-353.57,-7.99000000000001,0,0,0,0
"499","2021/11/29",22.96,0.9,0.0393,0,0,0,-2.371,-0.14,60.6500000000005,291.17,1.74000000000001,0,0,0,0
"500","2021/11/30",27.19,0.7,-0.1351,-0.01,380.900000000001,0,2.604,0.06,-88.2700000000004,-245.139999999999,-3.5,0.6,-0.199999999999996,1.7,0
"501","2021/12/1",31.12,0.7,-0.0268999999999999,0.01,0,-31369,0.975999999999999,0.04,-53.96,-283.640000000001,0.00999999999999091,0,0,0,-0.200000000000003
"502","2021/12/2",27.95,0.7,-0.0207000000000001,0,0,0,-1.33,0.1,64.0600000000004,127.27,0.790000000000006,0,0,0,0
"503","2021/12/3",30.67,0.7,-0.076,0,0,0,1.123,0.12,-38.6700000000001,-295.85,0.420000000000002,0,0,0,0
"504","2021/12/6",27.18,0.7,0.0473,0,0,0,-2.355,-0.2,53.2399999999998,139.68,2.58,0,0,0,0
"505","2021/12/7",21.89,0.7,-0.0189,0,0,0,-2.498,-0.11,95.0799999999999,461.77,2.15000000000001,0,0,0,0
"506","2021/12/8",19.9,0.7,0.0556,0,0,14122,-0.0339999999999989,0.02,14.46,100.07,0.689999999999998,0,0,0,0
"507","2021/12/9",21.58,0.7,-0.0284,0,0,0,1.131,0.08,-33.7600000000002,-269.619999999999,-1.14,0,0,0,0
"508","2021/12/10",18.69,0.7,0.0181,0,0,0,-1.332,0.08,44.5700000000006,113.23,0.359999999999999,0,0,0,0
"509","2021/12/13",20.31,0.7,-0.0462,0,0,0,0.119,-0.0499999999999999,-43.0500000000002,-217.32,-0.38000000000001,0,0,0,0
"510","2021/12/14",21.89,0.7,0.00109999999999999,0,0,0,0.503999999999998,0.0399999999999999,-34.8800000000001,-175.640000000001,-0.519999999999996,0,0,0,0
"511","2021/12/15",19.29,0.7,0.0091,0,0,92142,-1.654,-0.01,75.7600000000002,327.940000000001,-0.200000000000003,0,0,0,0
"512","2021/12/16",20.57,0.7,0.00439999999999996,0,0,0,0.0719999999999956,-0.0399999999999999,-41.1800000000003,-385.15,0.660000000000011,0,0,0,0
"513","2021/12/17",21.57,0.7,-0.0333,0,0,0,0.219999999999999,0.0399999999999999,-48.0299999999997,-10.75,-1.38000000000001,0,0,0,0
"514","2021/12/20",22.87,0.7,0.0263,0,0,0,0.698,-0.12,-52.6199999999999,-188.74,-1.53,0,0,0,0
"515","2021/12/21",21.01,0.7,0.00440000000000007,0,0,0,-1.552,0.02,81.2099999999991,360.15,2.01000000000001,0,0,0,0
"516","2021/12/22",18.63,0.7,-0.00429999999999997,0,0,33829,-1.012,-0.02,47.3300000000008,180.799999999999,0.659999999999997,0,0,0,0
"517","2021/12/23",17.96,0.7,0.0136999999999999,0,0,0,-0.957999999999998,0.02,29.2299999999996,131.480000000001,1.02000000000001,0,0,0,0
"518","2021/12/24",17.96,0.7,0,0,0,0,0,0,0,0,-1.15000000000001,0,0,0,0
"519","2021/12/27",17.68,0.7,-0.0276999999999999,0,0,0,-0.956000000000003,-0.04,65.3999999999996,217.889999999999,2.58,0,0,0,0
"520","2021/12/28",17.54,0.7,-0.0462,0,0,0,0.530000000000001,0.01,-4.83999999999924,-89.5400000000009,0.409999999999997,0,0,0,0
"521","2021/12/29",16.95,0.7,0.0728,0,0,-33035,0.109999999999999,0.09,6.71000000000004,-15.5,0.609999999999999,0,0,0,0
"522","2021/12/30",17.33,0.7,-0.0196,0,0,0,0.312000000000005,-0.0600000000000001,-14.3300000000008,-24.6599999999999,0.329999999999998,0,0,0,0
"523","2021/12/31",17.22,0.6,-0.00600000000000001,-0.01,150.899999999998,0,-0.230000000000004,0.0600000000000001,-12.5499999999993,-96.5900000000001,-1.61,0.2,-1.8,-6.10000000000001,0
"524","2022/1/3",16.6,0.6,0.0822999999999999,0.01,0,0,-0.0419999999999945,-0.12,30.3800000000001,187.83,1.24000000000001,0,0,0,-5.9
"525","2022/1/4",16.91,0.6,0.0272,0,0,0,0.0259999999999962,0.04,-3.02000000000044,-210.08,1,0,0,0,0
"526","2022/1/5",19.73,0.6,-0.00779999999999992,0,0,8261,2.175,0.1,-92.96,-522.549999999999,0.159999999999997,0,0,0,0
"527","2022/1/6",19.61,0.6,-0.0241,0,0,0,0.00600000000000023,0.03,-4.52999999999975,-19.2999999999993,0.730000000000004,0,0,0,0
"528","2022/1/7",18.76,0.6,0.0444,0,0,0,0.878,-0.01,-19.0200000000004,-144.970000000001,-0.180000000000007,0,0,0,0
"529","2022/1/10",19.4,0.6,-0.034,0,0,0,-0.103999999999999,-0.0299999999999999,-6.73999999999978,6.93000000000029,-0.569999999999993,0,0,0,0
"530","2022/1/11",18.41,0.6,-0.0127,0,0,0,-0.835999999999999,-0.12,42.7799999999997,210.620000000001,2.19,0,0,0,0
"531","2022/1/12",17.62,0.6,-0.0293,0,0,22557,-0.423999999999999,0.05,13.2800000000007,34.9399999999987,0.569999999999993,0,0,0,0
"532","2022/1/13",20.31,0.6,-0.0126999999999999,0,0,0,1.898,0.11,-67.3200000000006,-381.58,-0.159999999999997,0,0,0,0
"533","2022/1/14",19.19,0.6,0.00609999999999999,0,0,0,0.269999999999996,0.04,3.82000000000062,86.9400000000005,1.16,0,0,0,0
"534","2022/1/17",19.19,0.6,0,0,0,0,0,0,0,0,0.38000000000001,0,0,0,0
"535","2022/1/18",22.79,0.6,0.0136999999999999,0,0,0,1.592,-0.12,-85.7400000000007,-386.85,0.829999999999998,0,0,0,0
"536","2022/1/19",23.85,0.6,-0.0236,0,0,79556,0.764000000000003,0.03,-44.3499999999995,-166.65,0.530000000000001,0,0,0,0
"537","2022/1/20",25.59,0.6,-0.0283,0,0,0,1.77,0.07,-50.0300000000007,-186.23,0.310000000000002,0,0,0,0
"538","2022/1/21",28.85,0.6,-0.0224,0,0,0,0.896000000000001,0.2,-84.79,-385.1,-0.560000000000002,0,0,0,0
"539","2022/1/24",29.9,0.6,0.0428999999999999,0,0,0,-0.494999999999997,-0.15,12.1900000000005,86.2099999999991,-1.36,0,0,0,0
"540","2022/1/25",31.16,0.6,-0.0481,0,0,0,1.027,-0.0600000000000001,-53.6800000000003,-315.839999999998,1.3,0,0,0,0
"541","2022/1/26",31.96,0.6,-0.0381999999999999,0,0,-7349,1.478,-0.0499999999999999,-6.51999999999953,2.82999999999993,0.969999999999999,0,0,0,0
"542","2022/1/27",30.49,0.6,-0.1021,0,0,0,1.995,0.14,-23.4200000000001,-189.34,-0.709999999999994,0,0,0,0
"543","2022/1/28",27.66,0.6,-0.00409999999999999,0,0,0,-1.37,0.02,105.34,417.789999999999,-0.0800000000000125,0,0,0,0
"544","2022/1/31",24.83,0.6,-0.0091,0,154.799999999999,0,-0.929000000000002,-0.19,83.6999999999998,469.309999999999,0.52000000000001,0.5,-1.2,-2.4,0
"545","2022/2/1",21.96,0.6,0.0244,0,0,0,-1.766,0,30.9899999999998,106.120000000001,-0.0500000000000114,0,0,0,4.8
"546","2022/2/2",22.09,0.6,-0.000799999999999912,0,0,12726,1.389,-0.01,42.8400000000001,71.5499999999993,0.420000000000002,0,0,0,0
"547","2022/2/3",24.35,0.6,0.0131,0,0,0,2.63,0.23,-111.940000000001,-538.73,1.28,0,0,0,0
"548","2022/2/4",23.22,0.6,-0.0361,0,0,0,1.305,-0.14,23.0900000000001,219.190000000001,1.25,0,0,0,0
"549","2022/2/7",22.86,0.6,0.027,0,0,0,-0.134,-0.08,-16.6599999999999,-82.3400000000001,0.0300000000000011,0,0,0,0
"550","2022/2/8",21.44,0.6,-0.00380000000000003,0,0,0,-0.610999999999997,0.0499999999999999,37.6700000000001,178.789999999999,-1.44,0,0,0,0
"551","2022/2/9",19.96,0.6,-0.0447000000000001,0,0,4798,-1.45500000000001,-0.14,65.6400000000003,295.910000000002,0.980000000000004,0,0,0,0
"552","2022/2/10",23.91,0.6,-0.1263,0,0,0,4.076,0.05,-83.1000000000004,-304.730000000001,-0.0700000000000074,0,0,0,0
"553","2022/2/11",27.36,0.6,-0.0134,0,0,0,2.256,0.15,-85.4399999999996,-394.49,1.48,0,0,0,0
"554","2022/2/14",28.33,0.6,-0.0243,0,0,0,-0.301000000000002,0.02,-16.9700000000003,-0.229999999999563,0.879999999999995,0,0,0,0
"555","2022/2/15",25.7,0.6,0.0529,0,0,0,-1.68599999999999,-0.16,69.3999999999996,348.84,-2.83,0,0,0,0
"556","2022/2/16",24.29,0.6,0.0513999999999999,0,0,33024,-0.594000000000008,0.09,3.94000000000051,-15.6700000000001,0.909999999999997,0,0,0,0
"557","2022/2/17",28.11,0.6,-0.0221,0,0,0,2.38600000000001,0.0900000000000001,-94.75,-407.370000000001,-0.919999999999987,0,0,0,0
"558","2022/2/18",27.75,0.6,-0.0321,0,0,0,1.25699999999999,0.0499999999999999,-31.3900000000003,-168.65,0.709999999999994,0,0,0,0
"559","2022/2/21",27.75,0.6,0,0,0,0,0,0,0,0,1.22,0,0,0,0
"560","2022/2/22",28.81,0.6,-0.0733,0,0,0,0.347000000000008,-0.18,-44.1099999999997,-166.549999999999,0.320000000000007,0,0,0,0
"561","2022/2/23",31.02,0.6,-0.000300000000000022,0,0,17096,1.416,0.11,-79.2600000000002,-344.030000000001,0.769999999999996,0,0,0,0
"562","2022/2/24",30.32,0.6,-0.00600000000000001,0,0,0,-2.181,0.01,63.1999999999998,436.09,-0.320000000000007,0,0,0,0
"563","2022/2/25",27.59,0.6,0.00840000000000002,0,0,0,-2.036,-0.1,95.9499999999998,221.040000000001,-1,0,0,0,0
"564","2022/2/28",30.15,0.8,0.000699999999999978,0,75.7000000000007,0,1.224,-0.08,-10.71,56.7799999999988,1.61,0.4,1,-3.4,0
"565","2022/3/1",33.32,0.8,-0.00590000000000002,0,0,0,4.26599999999999,0.01,-67.6799999999994,-218.940000000001,2.15000000000001,0,0,0,1.8
"566","2022/3/2",30.74,0.8,-0.0221,0,0,-23674,-2.47,0.05,80.2799999999997,219.560000000001,4.28,0,0,0,0
"567","2022/3/3",30.48,0.8,-0.0542,0,0,0,1.55,0.0399999999999999,-23.0500000000002,-214.08,0.179999999999993,0,0,0,0
"568","2022/3/4",31.98,0.8,-0.0557,0,0,0,3.42400000000001,0.0800000000000001,-34.6199999999999,-224.5,7.28,0,0,0,0
"569","2022/3/7",36.45,0.8,-0.0317,0,0,0,3.36799999999999,-0.1,-127.78,-482.480000000001,2.26000000000001,0,0,0,0
"570","2022/3/8",35.13,0.8,0.0238,0,0,0,-1.465,-0.0499999999999999,-30.3900000000003,-35.4099999999999,1.33,0,0,0,0
"571","2022/3/9",32.45,0.8,0.0264,0,0,6293,-4.55,0.02,107.18,460,-12.18,0,0,0,0
"572","2022/3/10",30.23,0.8,0.0168,0,0,0,1.568,0.0599999999999999,-18.3599999999997,-125.59,0.22999999999999,0,0,0,0
"573","2022/3/11",30.75,0.8,-0.0464,0,0,0,1.48700000000001,0.0600000000000001,-55.21,-286.15,3.58,0,0,0,0
"574","2022/3/14",31.77,0.8,0.0284,0,0,0,0.557000000000002,-0.03,-31.2000000000007,-262.59,-4,0,0,0,0
"575","2022/3/15",29.83,0.8,0.0225,0,0,0,-2.578,0.07,89.3400000000001,367.400000000001,-2.5,0,0,0,0
"576","2022/3/16",26.67,0.8,-0.0476,0,0,43558,-5.50500000000001,-0.14,95.4099999999999,487.929999999998,-1.92999999999999,0,0,0,0
"577","2022/3/17",25.67,0.8,0.00979999999999998,0.25,0,0,-2.00699999999999,0,53.8100000000004,178.230000000001,5.51000000000001,0,0,0,0
"578","2022/3/18",23.87,0.8,-0.0436,0,0,0,-1.08,-0.11,51.4499999999998,279.059999999999,1.30999999999999,0,0,0,0
"579","2022/3/21",23.53,0.8,-0.0389,0,0,0,7.84899999999999,0.01,-1.9399999999996,-55.380000000001,4.12,0,0,0,0
"580","2022/3/22",22.94,0.8,0.0441,0,0,0,-2.371,0.03,50.4299999999994,270.360000000001,-0.280000000000001,0,0,0,0
"581","2022/3/23",23.57,0.8,-0.0228,0,0,8168,2.20400000000001,-0.01,-55.3699999999999,-186.219999999999,3.03,0,0,0,0
"582","2022/3/24",21.67,0.8,0.0375,0,0,0,-1.08600000000001,-0.01,63.9200000000001,269.24,-2.08,0,0,0,0
"583","2022/3/25",20.81,0.8,-0.0296,0,0,0,1.256,0.03,22.9000000000005,-22.5400000000009,1.47,0,0,0,0
"584","2022/3/28",19.63,0.8,-0.0727,0,0,0,-1.81899999999999,-0.05,32.46,185.6,-5.33,0,0,0,0
"585","2022/3/29",18.9,0.8,-0.101,0,0,0,-4.223,-0.04,56.0799999999999,264.74,-0.140000000000001,0,0,0,0
"586","2022/3/30",19.33,0.8,0.0127,0,0,-25332,0.25,0.01,-29.1500000000005,-177.369999999999,3.3,0,0,0,0
"587","2022/3/31",20.56,1.2,-0.039,0,37.9000000000015,0,0.944999999999993,0.13,-72.04,-221.75,-2.92999999999999,0.6,-1.5,1.8,0
"588","2022/4/1",19.63,1.2,-0.0777,0,0,0,-0.739000000000004,0.0399999999999999,15.4499999999998,40.9799999999996,1.48999999999999,0,0,0,-1.7
"589","2022/4/4",18.57,1.2,0.0472,0,0,0,-2.66499999999999,-0.11,36.7800000000007,271.049999999999,2.84999999999999,0,0,0,0
"590","2022/4/5",21.03,1.2,0.06,0,0,0,2.301,0.1,-57.5200000000004,-328.379999999999,-0.799999999999997,0,0,0,0
"591","2022/4/6",22.1,1.2,0.0931,0,0,450,1.321,0.02,-43.9700000000003,-315.35,-3.42,0,0,0,0
"592","2022/4/7",21.55,1.2,0.0722,0,0,0,0.762999999999991,0,19.0600000000004,8.47999999999956,0.490000000000009,0,0,0,0
"593","2022/4/8",21.16,1.2,-0.0098,0,0,0,2.381,-0.03,-11.9300000000003,-186.299999999999,1.83,0,0,0,0
"594","2022/4/11",24.37,1.2,0.0941,0,0,0,2.224,-0.0199999999999999,-75.75,-299.040000000001,-2.5,0,0,0,0
"595","2022/4/12",24.26,1.2,0.0333,0,0,0,-0.007000000000005,-0.03,-15.0799999999999,-40.3899999999994,4.25,0,0,0,0
"596","2022/4/13",21.82,1.2,0.0347,0,0,27895,-1.29799999999999,-0.01,49.1400000000003,272.02,2.53999999999999,0,0,0,0
"597","2022/4/14",22.7,1.2,0.023,0,0,0,1.345,-0.01,-54,-292.51,1.36,0,0,0,0
"598","2022/4/15",22.7,1.2,0,0,0,0,0,0,0,0,0,0,0,0,0
"599","2022/4/18",22.17,1.2,0.0311,0,0,0,0.589999999999989,-0.05,-0.900000000000546,-18.7199999999993,0.219999999999999,0,0,0,0
"600","2022/4/19",21.37,1.2,-0.0601,0,0,0,0.814000000000007,0.06,70.5200000000004,287.299999999999,-4.58999999999999,0,0,0,0
"601","2022/4/20",20.32,1.2,-0.0879,0,0,-9636,-1.55,0.1,-2.76000000000022,-166.59,0.509999999999991,0,0,0,0
"602","2022/4/21",22.68,1.2,-0.0294,0,0,0,3.202,0.11,-65.79,-278.42,1.36,0,0,0,0
"603","2022/4/22",28.21,1.2,0.00420000000000001,0,0,0,3.60899999999999,0.15,-121.88,-335.359999999999,-2.16999999999999,0,0,0,0
"604","2022/4/25",27.02,1.2,-0.0374,0,0,0,-2.666,-0.24,24.3400000000001,165.559999999999,-2.86000000000001,0,0,0,0
"605","2022/4/26",33.52,1.2,0.0491,0,0,0,5.325,0.09,-120.92,-514.110000000001,1.54000000000001,0,0,0,0
"606","2022/4/27",31.6,1.2,-0.00240000000000001,0,0,-16652,-0.188000000000002,-0.0399999999999999,8.76000000000022,-1.80999999999949,0.310000000000002,0,0,0,0
"607","2022/4/28",29.99,1.2,-0.0357,0,0,0,-1.099,0.0299999999999999,103.54,382.6,0.870000000000005,0,0,0,0
"608","2022/4/29",33.4,1.2,0.0139,0,0,0,2.748,0.0700000000000001,-155.57,-536.890000000001,-0.650000000000006,0,0,0,0
"609","2022/5/2",32.34,0.3,0.0305,0,0,0,-0.759,-0.13,23.4499999999998,201.380000000001,0.640000000000001,-0.199999999999999,-1.7,-1.2,-2.4
"610","2022/5/3",29.25,0.3,-0.0607,0,0,0,-2.46899999999999,-0.11,20.0999999999995,27.7399999999998,-1.33,0,0,0,0
"611","2022/5/4",25.42,0.3,0.1035,0,0,773,-2.22000000000001,0.0399999999999999,124.690000000001,401.1,4.28,0,0,0,0
"612","2022/5/5",31.2,0.3,0.0408,0.5,0,0,5.24900000000001,0.05,-153.3,-647.17,0.269999999999996,0,0,0,0
"613","2022/5/6",30.19,0.3,0.0626,0,0,0,3.428,0.09,-23.5299999999997,-173.030000000001,1.61,0,0,0,0
"614","2022/5/9",34.75,0.3,0.0443,0,0,0,2.327,0.0600000000000001,-132.1,-521.41,-5.06,0,0,0,0
"615","2022/5/10",32.99,0.3,-0.0616,0,0,0,-1.996,-0.1,9.8100000000004,114.42,-2.70999999999999,0,0,0,0
"616","2022/5/11",32.56,0.3,-0.0948,0,0,2036,0.579999999999998,0.14,-65.8700000000003,-373.43,4.23999999999999,0,0,0,0
"617","2022/5/12",31.77,0.3,0.00509999999999999,0,0,0,-0.489000000000004,-0.0099999999999999,-5.09999999999991,6.71999999999935,-0.439999999999998,0,0,0,0
"618","2022/5/13",28.87,0.3,0.0518,0,0,0,-1.91,-0.15,93.8099999999999,434.040000000001,2.59999999999999,0,0,0,0
"619","2022/5/16",27.47,0.3,-0.0281,0,0,0,0.991,-0.02,-15.8799999999997,-142.209999999999,1.13000000000001,0,0,0,0
"620","2022/5/17",26.1,0.3,-0.0267,0,0,0,-2.53700000000001,0.0499999999999999,80.8399999999997,321.73,-1.76000000000001,0,0,0,0
"621","2022/5/18",30.96,0.3,-0.0711,0,0,3890,6.94200000000001,0.14,-165.17,-566.370000000001,-2.84999999999999,0,0,0,0
"622","2022/5/19",29.35,0.3,0.0151,0,0,0,-0.980000000000004,-0.0299999999999999,-22.8899999999999,-29.6499999999996,2.47999999999999,0,0,0,0
"623","2022/5/20",29.43,0.3,-0.0293,0,0,0,0.780000000000001,0,0.570000000000164,-33.8799999999992,-0.199999999999989,0,0,0,0
"624","2022/5/23",28.48,0.3,0.0306,0,0,0,-2.331,-0.21,72.3899999999999,180.65,0.969999999999999,0,0,0,0
"625","2022/5/24",29.45,0.3,0.0409,0,0,0,-1.24499999999999,0.18,-32.27,-270.82,0.269999999999996,0,0,0,0
"626","2022/5/25",28.37,0.3,-0.0185999999999999,0,0,-31617,-4.366,-0.14,37.25,170.289999999999,0.730000000000004,0,0,0,0
"627","2022/5/26",27.5,0.3,0.0178,0,0,0,-1.218,0,79.1100000000001,305.91,2.42999999999999,0,0,0,0
"628","2022/5/27",25.72,0.3,-0.0091,0,0,0,-2.443,-0.14,100.4,390.48,0.760000000000005,0,0,0,0
"629","2022/5/30",26.54,0.3,0,0,0,0,0,0,0,0,1.25999999999999,0,0,0,0
"630","2022/5/31",26.19,1,0.0256,0,-78.4000000000015,0,0.658000000000001,0.15,-26.0900000000001,-49.7399999999998,-1.78999999999999,0.299999999999999,0.700000000000003,-1.2,0
"631","2022/6/1",25.69,1,-0.0234,0,0,769,1.14699999999999,0.03,-30.9200000000001,-86.9300000000003,1.14,0,0,0,-1.3
"632","2022/6/2",24.72,1,0.0138,0,0,0,-1.14399999999999,-0.05,75.5900000000001,322.440000000001,1.56,0,0,0,0
"633","2022/6/3",24.79,1,0.00269999999999998,0,0,0,1.95299999999999,0.15,-68.2799999999997,-304.17,1.75999999999999,0,0,0,0
"634","2022/6/6",25.07,1,0.033,0,0,0,0.174000000000007,-0.17,12.8900000000003,48.6400000000012,0.13000000000001,0,0,0,0
"635","2022/6/7",24.02,1,-0.0666,0,0,0,-0.472999999999999,-0.01,39.25,113.859999999999,1.58999999999999,0,0,0,0
"636","2022/6/8",23.96,1,5e-04,0,0,3204,2.23099999999999,-0.02,-44.9099999999999,-88.9599999999991,2.34,0,0,0,0
"637","2022/6/9",26.09,1,-0.0171,0,0,0,3.86,0.12,-97.9500000000003,-332.040000000001,-0.409999999999997,0,0,0,0
"638","2022/6/10",27.75,1,-0.1382,0,0,0,4.25200000000001,0.2,-116.96,-414.209999999999,-1.54000000000001,0,0,0,0
"639","2022/6/13",34.02,1,-0.0866,0,0,0,6.85899999999999,-0.05,-151.23,-530.790000000001,-0.109999999999999,0,0,0,0
"640","2022/6/14",32.69,1,0.0409,0,0,0,0.370999999999995,-0.01,-14.1500000000001,19.1200000000008,-1.41,0,0,0,0
"641","2022/6/15",29.62,1,0.0465,0,0,14166,-3.711,-0.13,54.5099999999998,270.799999999999,-1.8,0,0,0,0
"642","2022/6/16",32.95,1,0.0088,0.75,0,0,7.29900000000001,0.16,-123.22,-453.049999999999,1.48999999999999,0,0,0,0
"643","2022/6/17",31.13,1,-0.0548,0,0,0,-2.441,-0.14,8.07000000000016,152.25,-6.17,0,0,0,0
"644","2022/6/20",31.03,1,0,0,0,0,0,0,0,0,0.840000000000003,0,0,0,0
"645","2022/6/21",30.19,1,0.0315,0,0,0,-2.098,-0.24,89.9499999999998,270.949999999999,0.170000000000002,0,0,0,0
"646","2022/6/22",28.95,1,0.0216,0,0,1926,2.015,0.15,-4.90000000000009,-16.2199999999993,-2.81999999999999,0,0,0,0
"647","2022/6/23",29.05,1,-0.0277,0,0,0,-1.142,0.04,35.8400000000001,179.110000000001,-2.90000000000001,0,0,0,0
"648","2022/6/24",27.23,1,-0.00559999999999999,0,0,0,-4.64400000000001,-0.16,116.01,375.43,2.03,0,0,0,0
"649","2022/6/27",26.95,1,0.0116,0,0,0,1,0.11,-11.6299999999997,-83.0700000000015,1.63,0,0,0,0
"650","2022/6/28",28.36,1,-0.0166,0,0,0,4.17099999999999,0.04,-78.5599999999999,-343.009999999998,2.92,0,0,0,0
"651","2022/6/29",28.16,1,-0.0113,0,0,-20793,0.820000000000007,0.12,-2.72000000000025,-3.65000000000146,-1.75,0,0,0,0
"652","2022/6/30",28.71,1.3,0.009,0,-75.7999999999993,0,1.01900000000001,-0.04,-33.4499999999998,-149.15,-3.78,0.5,-3.1,-0.600000000000001,0
"653","2022/7/1",26.7,1.3,-0.0122,0,0,0,-0.425000000000011,-0.05,39.9499999999998,99.1000000000004,1.58,0,0,0,-4.59999999999999
"654","2022/7/4",27.53,1.3,0,0,0,0,0,0,0,0,1.34,0,0,0,0
"655","2022/7/5",27.54,1.3,-0.0604,0,0,0,-1.639,-0.07,6.05999999999995,194.4,-10.2,0,0,0,0
"656","2022/7/6",26.73,1.3,-0.0608,0,0,-21702,-0.834999999999994,0.03,13.6900000000001,39.6100000000006,-1.48,0,0,0,0
"657","2022/7/7",26.08,1.3,0.0542,0,0,0,-5.265,-0.0800000000000001,57.54,259.5,3.72000000000001,0,0,0,0
"658","2022/7/8",24.64,1.3,-0.0048,0,0,0,-2.51600000000001,-0.0099999999999999,-3.23999999999978,13.9599999999991,2.55,0,0,0,0
"659","2022/7/11",26.17,1.3,-0.0546,0,0,0,1.749,0.08,-44.9500000000003,-262.709999999999,0.429999999999993,0,0,0,0
"660","2022/7/12",27.29,1.3,-0.0014,0,0,0,0.262,0.04,-35.6299999999997,-107.870000000001,-6.83,0,0,0,0
"661","2022/7/13",26.82,1.3,-0.1407,0,0,4016,1.51000000000001,0.0499999999999999,-17.02,-17.1499999999996,0.490000000000009,0,0,0,0
"662","2022/7/14",26.4,1.3,0.0485,0,0,0,0.686999999999998,0.02,-11.4000000000001,3.61000000000058,-1.25,0,0,0,0
"663","2022/7/15",24.23,1.3,-0.0323,0,0,0,-4.157,-0.16,72.7799999999997,201.23,1.58,0,0,0,0
"664","2022/7/18",25.3,1.3,0.016,0,0,0,0.757999999999996,-0.0499999999999999,-32.3099999999999,-92.3700000000008,4.19,0,0,0,0
"665","2022/7/19",24.5,1.3,-0.0276,0,0,0,-5.545,0.0499999999999999,105.84,353.1,0.780000000000001,0,0,0,0
"666","2022/7/20",23.88,1.3,0.0158,0,0,3346,-1.05199999999999,0.03,23.21,184.5,-0.120000000000005,0,0,0,0
"667","2022/7/21",23.11,1.3,-0.0096,0,0,0,-0.911000000000001,0.01,39.0499999999997,161.960000000001,-2.31,0,0,0,0
"668","2022/7/22",23.03,1.3,-0.0093,0,0,0,2.235,0.1,-37.3199999999997,-225.5,-1.00999999999999,0,0,0,0
"669","2022/7/25",23.36,1.3,-0.000600000000000017,0,0,0,-0.25,-0.03,5.21000000000004,-51.4400000000005,1.88,0,0,0,0
"670","2022/7/26",24.69,1.3,-0.0258,0,0,0,1.47,0.0600000000000001,-45.79,-220.1,-0.579999999999998,0,0,0,0
"671","2022/7/27",23.24,1.3,0.033,0,0,-9209,-3.846,-0.1,102.56,469.85,2.41,0,0,0,0
"672","2022/7/28",22.33,1.3,0.0267,0.75,0,0,-2.83,0.01,48.8199999999997,130.17,-0.0100000000000051,0,0,0,0
"673","2022/7/29",21.33,1.3,-0.0494,-0.0100000000000002,0,0,-0.125,-0.0600000000000001,57.8600000000001,228.1,1.88000000000001,0,0,0,0
"674","2022/8/1",22.84,0,-0.0612,0.0100000000000002,0,0,1.92700000000001,0.0600000000000001,-11.6599999999999,-21.7100000000009,-3.15000000000001,-0.6,-0.200000000000003,1.40000000000001,-3.1
"675","2022/8/2",23.93,0,-0.00559999999999999,0,0,0,2.25399999999999,-0.1,-27.4400000000001,-20.2199999999993,0.810000000000002,0,0,0,0
"676","2022/8/3",21.95,0,-0.058,0,0,-15384,-3.21499999999999,-0.0099999999999999,63.98,319.4,-3.22,0,0,0,0
"677","2022/8/4",21.44,0,0.00609999999999999,0,0,0,-0.487000000000009,-0.01,-3.23000000000047,52.4200000000001,-2.75,0,0,0,0
"678","2022/8/5",21.15,0,-0.0445,0,0,0,-0.262999999999991,0.0299999999999999,-6.75,-63.0300000000007,0.609999999999999,0,0,0,0
"679","2022/8/8",21.29,0,-0.0492,0,0,0,0.284999999999997,-0.0199999999999999,-5.1299999999992,-13.0900000000001,1.98,0,0,0,0
"680","2022/8/9",21.77,0,-0.0442,0,0,0,2.095,0.14,-17.5900000000001,-150.529999999999,-0.260000000000005,0,0,0,0
"681","2022/8/10",19.74,0,0.0591,0,0,4518,-6.72199999999999,-0.12,87.7699999999995,360.869999999999,1.54000000000001,0,0,0,0
"682","2022/8/11",20.2,0,0.1023,0,0,0,1.17599999999999,-0.07,-2.96999999999935,-74.8899999999994,1.97,0,0,0,0
"683","2022/8/12",19.53,0,-0.0800999999999999,0,0,0,-3.94499999999999,-0.01,72.8799999999992,267.280000000001,-1.37,0,0,0,0
"684","2022/8/15",19.95,0,0.0167,0,0,0,0.783999999999992,0.07,16.9900000000007,80.8599999999988,-2.38,0,0,0,0
"685","2022/8/16",19.69,0,-0.059,0,0,0,1.506,-0.0399999999999999,8.05999999999949,-25.5,-2.34,0,0,0,0
"686","2022/8/17",19.9,0,0.0653,0,0,-29376,2.34,0.08,-31.1599999999999,-164.429999999998,1.23999999999999,0,0,0,0
"687","2022/8/18",19.56,0,0.0728,0,0,0,-0.888999999999996,-0.03,9.69999999999982,27.2199999999993,2.38000000000001,0,0,0,0
"688","2022/8/19",20.6,0,0.0535,0,0,0,3.736,0.16,-55.2600000000002,-260.130000000001,0.459999999999994,0,0,0,0
"689","2022/8/22",23.8,0,-0.0335,0,0,0,3.42599999999999,-0.09,-90.4899999999998,-323.639999999999,-0.260000000000005,0,0,0,0
"690","2022/8/23",24.11,0,0.0416,0,0,0,0.249000000000009,0,-9.26000000000022,-0.270000000000437,3.12,0,0,0,0
"691","2022/8/24",22.82,0,-0.033,0,0,1674,-1.99600000000001,-0.02,12.0400000000009,50.2300000000014,1.11,0,0,0,0
"692","2022/8/25",21.78,0,-0.0537,0,0,0,-1.82199999999999,-0.04,58.3499999999995,207.74,-1.86,0,0,0,0
"693","2022/8/26",25.56,0,-0.0154,0,0,0,5.137,0.17,-141.46,-497.560000000001,0.0999999999999943,0,0,0,0
"694","2022/8/29",26.21,0,0.0349,0,0,0,2.24499999999999,-0.02,-27.0499999999997,-124.039999999999,3.59,0,0,0,0
"695","2022/8/30",26.21,0,-0.0183,0,0,0,2.864,0.0600000000000001,-44.4500000000003,-134.530000000001,-4.48,0,0,0,0
"696","2022/8/31",25.87,0.1,0.0388,0,-92.0999999999985,-25343,1.251,-0.02,-31.1599999999999,-66.9399999999987,-2.25,-0.199999999999999,0,0.199999999999996,0
"697","2022/9/1",25.56,0.1,0.0542,0,0,0,-1.97,0.0599999999999999,11.8499999999999,-31.0700000000015,-2.89,0,0,0,4.9
"698","2022/9/2",25.47,0.1,0.0482,0,0,0,1.56599999999999,-0.0299999999999999,-42.5899999999997,-154.269999999999,0.490000000000009,0,0,0,0
"699","2022/9/5",25.99,0.1,0,0,0,0,0,0,0,0,2.59,0,0,0,0
"700","2022/9/6",26.91,0.1,0.0442,0,0,0,-0.936999999999998,-0.0900000000000001,-16.0700000000002,-85.9500000000007,-2.43000000000001,0,0,0,0
"701","2022/9/7",24.64,0.1,-0.0137,0,0,-3692,-5.533,0.03,71.6799999999998,246.99,-4.76000000000001,0,0,0,0
"702","2022/9/8",23.61,0.1,-0.0191,0,0,0,-1.776,-0.1,26.3099999999999,70.2299999999996,1.04000000000001,0,0,0,0
"703","2022/9/9",22.79,0.1,-0.0603,0,0,0,-2.73999999999999,-0.13,61.1800000000003,250.18,3.45999999999999,0,0,0,0
"704","2022/9/12",23.87,0.1,0.0332,0,0,0,-1.83200000000001,0.0499999999999999,43.0499999999997,154.1,1.22000000000001,0,0,0,0
"705","2022/9/13",27.27,0.1,-0.1344,0,0,0,6.843,0.16,-177.72,-632.84,-0.710000000000008,0,0,0,0
"706","2022/9/14",26.16,0.1,-0.0358,0,0,10358,-0.733000000000004,0.02,13.3200000000002,86.1100000000006,0.900000000000006,0,0,0,0
"707","2022/9/15",26.27,0.1,-0.0319,0,0,0,3.98100000000001,-0.02,-44.6600000000003,-167.32,-3.51000000000001,0,0,0,0
"708","2022/9/16",26.3,0.1,-0.002,0,0,0,-0.0690000000000026,0.0800000000000001,-28.02,-103.960000000001,0.439999999999998,0,0,0,0
"709","2022/9/19",25.76,0.1,-0.0276,0,0,0,-2.372,-0.27,26.5599999999999,86.6200000000008,0.609999999999999,0,0,0,0
"710","2022/9/20",27.16,0.1,0.0417999999999999,0,0,0,11.673,0.13,-43.96,-109.970000000001,-1.25999999999999,0,0,0,0
"711","2022/9/21",27.99,0.1,-0.115,0,0,-15957,2.113,0.0399999999999999,-66,-204.859999999999,-0.600000000000009,0,0,0,0
"712","2022/9/22",27.35,0.1,0.1101,0.75,0,0,1.837,0.12,-31.9400000000001,-153.390000000001,0.730000000000004,0,0,0,0
"713","2022/9/23",29.92,0.1,-0.1081,0,0,0,3.488,0.19,-64.7599999999998,-198.869999999999,-4.5,0,0,0,0
"714","2022/9/26",32.26,0.1,0.1003,0,0,0,3.78399999999999,-0.22,-38.1900000000001,-65.0100000000002,-2.17,0,0,0,0
"715","2022/9/27",32.6,0.1,0.0784,0,0,0,1.459,-0.02,-7.75,26.5799999999999,2.01000000000001,0,0,0,0
"716","2022/9/28",30.18,0.1,-0.0659,0,0,-21235,-5.038,-0.03,71.75,222.139999999999,3.17999999999999,0,0,0,0
"717","2022/9/29",31.84,0.1,-0.00309999999999999,0,0,0,1.22099999999999,0.16,-78.5700000000002,-314.129999999999,-0.86999999999999,0,0,0,0
"718","2022/9/30",31.62,0.4,-0.0433,0,0,0,0.689000000000007,-0.14,-54.8499999999999,-161.889999999999,-2.04000000000001,-0.100000000000001,-1.9,-0.199999999999996,0
