"","Date","FTSE.100","UK.MoM.CPI","UK.2yr.swap.rate","UK.YoY.CPI","UK.Manufacturing.PMI","UK.Service.PMI","MPMIGBCA.Index"
"2","2020/1/2",7604.3,0,-0.00190000000000001,0,0,0,0
"3","2020/1/3",7622.4,0,-0.0225000000000001,0,0,0,0
"4","2020/1/6",7575.34,0,0.02,0,0,0,0
"5","2020/1/7",7573.85,0,0.01,0,0,0,0
"6","2020/1/8",7574.93,0,0.01507,0,0,0,0
"7","2020/1/9",7598.12,0,-0.03407,0,0,0,0
"8","2020/1/10",7587.85,0,-0.0459999999999999,0,0,0,0
"9","2020/1/13",7617.6,0,-0.052,0,0,0,0
"10","2020/1/14",7622.35,0,0.003,0,0,0,0
"11","2020/1/15",7642.8,0,-0.06795,0,0,0,0
"12","2020/1/16",7609.81,0,0.00514999999999999,0,0,0,0
"13","2020/1/17",7674.56,0,-0.0164,0,0,0,0
"14","2020/1/20",7651.44,0,0.00919999999999999,0,0,0,0
"15","2020/1/21",7610.7,0,0.00730000000000003,0,0,0,0
"16","2020/1/22",7571.92,0,0.0117,0,0,0,0
"17","2020/1/23",7507.67,0,-0.015,0,0,0,0
"18","2020/1/24",7585.98,0,-0.005,0,0,0,0
"19","2020/1/27",7412.05,0,-0.019,0,0,0,0
"20","2020/1/28",7480.69,0,0.0262,0,0,0,0
"21","2020/1/29",7483.57,0,0.00296000000000002,0,0,0,0
"22","2020/1/30",7381.96,0,0.06884,0,0,0,0
"23","2020/1/31",7286.01,-0.3,-0.02496,0.5,2.5,3.9,0
"24","2020/2/3",7326.31,-0.3,-0.00344,0,0,0,-0.299999999999997
"25","2020/2/4",7439.82,-0.3,0.0384,0,0,0,0
"26","2020/2/5",7482.48,-0.3,0.021,0,0,0,0
"27","2020/2/6",7504.79,-0.3,-0.0117,0,0,0,0
"28","2020/2/7",7466.7,-0.3,0.00270000000000004,0,0,0,0
"29","2020/2/10",7446.88,-0.3,-0.018,0,0,0,0
"30","2020/2/11",7499.44,-0.3,0.01725,0,0,0,0
"31","2020/2/12",7534.37,-0.3,0.01775,0,0,0,0
"32","2020/2/13",7452.03,-0.3,0.00624999999999998,0,0,0,0
"33","2020/2/14",7409.13,-0.3,0.000549999999999939,0,0,0,0
"34","2020/2/17",7433.25,-0.3,0.00919999999999999,0,0,0,0
"35","2020/2/18",7382.01,-0.3,-0.0147499999999999,0,0,0,0
"36","2020/2/19",7457.02,-0.3,0,0,0,0,0
"37","2020/2/20",7436.64,-0.3,-0.00850000000000006,0,0,0,0
"38","2020/2/21",7403.92,-0.3,-0.00605,0,0,0,0
"39","2020/2/24",7156.83,-0.3,-0.0587,0,0,0,0
"40","2020/2/25",7017.88,-0.3,-0.02201,0,0,0,0
"41","2020/2/26",7042.47,-0.3,-0.01799,0,0,0,0
"42","2020/2/27",6796.4,-0.3,-0.00900000000000001,0,0,0,0
"43","2020/2/28",6580.61,-0.3,-0.056,0,0,0,0
"44","2020/3/2",6654.89,0.4,-0.054,-0.1,1.7,-0.699999999999996,-17
"45","2020/3/3",6718.2,0.4,-0.045,0,0,0,0
"46","2020/3/4",6815.59,0.4,-0.003,0,0,0,0
"47","2020/3/5",6705.43,0.4,-0.05073,0,0,0,0
"48","2020/3/6",6462.55,0.4,0.01633,0,0,0,0
"49","2020/3/9",5965.77,0.4,-0.0246,0,0,0,0
"50","2020/3/10",5960.23,0.4,0.0477,0,0,0,0
"51","2020/3/11",5876.52,0.4,-0.0657,0,0,0,0
"52","2020/3/12",5237.48,0.4,0.01,0,0,0,0
"53","2020/3/13",5366.11,0.4,0.022,0,0,0,0
"54","2020/3/16",5151.08,0.4,-0.03,0,0,0,0
"55","2020/3/17",5294.9,0.4,0.0164,0,0,0,0
"56","2020/3/18",5080.58,0.4,-0.00340000000000001,0,0,0,0
"57","2020/3/19",5151.61,0.4,-0.0661,0,0,0,0
"58","2020/3/20",5190.78,0.4,0.0171,0,0,0,0
"59","2020/3/23",4993.89,0.4,-0.0175,0,0,0,0
"60","2020/3/24",5446.01,0.4,0.00849999999999998,0,0,0,0
"61","2020/3/25",5688.2,0.4,-0.003,0,0,0,0
"62","2020/3/26",5815.73,0.4,-0.002,0,0,0,0
"63","2020/3/27",5510.33,0.4,0.001,0,0,0,0
"64","2020/3/30",5563.74,0.4,-5e-04,0,0,0,0
"65","2020/3/31",5671.96,0,-0.0025,-0.2,-3.90000000000001,-18.7,0
"66","2020/4/1",5454.57,0,-0.00209999999999999,0,0,0,-22.2
"67","2020/4/2",5480.22,0,-0.0119,0,0,0,0
"68","2020/4/3",5415.5,0,-0.014,0,0,0,0
"69","2020/4/6",5582.39,0,0.00599999999999999,0,0,0,0
"70","2020/4/7",5704.45,0,0.0197,0,0,0,0
"71","2020/4/8",5677.73,0,-0.0117,0,0,0,0
"72","2020/4/9",5842.66,0,-0.011,0,0,0,0
"73","2020/4/10",5842.66,0,-0.000100000000000003,0,0,0,0
"74","2020/4/13",5842.66,0,0,0,0,0,0
"75","2020/4/14",5791.31,0,0.0081,0,0,0,0
"76","2020/4/15",5597.65,0,-0.002,0,0,0,0
"77","2020/4/16",5628.43,0,-0.00119999999999999,0,0,0,0
"78","2020/4/17",5786.96,0,0.000199999999999992,0,0,0,0
"79","2020/4/20",5812.83,0,-0.00369999999999999,0,0,0,0
"80","2020/4/21",5641.03,0,-0.00154,0,0,0,0
"81","2020/4/22",5770.63,0,0.00124,0,0,0,0
"82","2020/4/23",5826.61,0,-0.00370000000000001,0,0,0,0
"83","2020/4/24",5752.23,0,-0.0103,0,0,0,0
"84","2020/4/27",5846.79,0,0.00810000000000001,0,0,0,0
"85","2020/4/28",5958.5,0,-0.01435,0,0,0,0
"86","2020/4/29",6115.25,0,0.000219999999999998,0,0,0,0
"87","2020/4/30",5901.21,-0.2,-0.00597,-0.7,-15.2,-21.1,0
"88","2020/5/1",5763.06,-0.2,-0.00939999999999999,0,0,0,16.2
"89","2020/5/4",5753.78,-0.2,-0.0104,0,0,0,0
"90","2020/5/5",5849.42,-0.2,-0.00799999999999999,0,0,0,0
"91","2020/5/6",5853.76,-0.2,-0.00320000000000001,0,0,0,0
"92","2020/5/7",5935.98,-0.2,-0.00625,0,0,0,0
"93","2020/5/8",5935.98,-0.2,0.00125,0,0,0,0
"94","2020/5/11",5939.73,-0.2,0.0032,0,0,0,0
"95","2020/5/12",5994.77,-0.2,-0.02895,0,0,0,0
"96","2020/5/13",5904.05,-0.2,-0.02225,0,0,0,0
"97","2020/5/14",5741.54,-0.2,0.0117,0,0,0,0
"98","2020/5/15",5799.77,-0.2,0.0083,0,0,0,0
"99","2020/5/18",6048.59,-0.2,-0.017,0,0,0,0
"100","2020/5/19",6002.23,-0.2,0.0072,0,0,0,0
"101","2020/5/20",6067.16,-0.2,-0.0182,0,0,0,0
"102","2020/5/21",6015.25,-0.2,-0.0214,0,0,0,0
"103","2020/5/22",5993.28,-0.2,0.00315,0,0,0,0
"104","2020/5/25",5993.28,-0.2,0.00025,0,0,0,0
"105","2020/5/26",6067.76,-0.2,0.028,0,0,0,0
"106","2020/5/27",6144.25,-0.2,-0.006,0,0,0,0
"107","2020/5/28",6218.79,-0.2,-0.00302,0,0,0,0
"108","2020/5/29",6076.6,-0.2,-0.00998,0,0,0,0
"109","2020/6/1",6166.42,0,0.0102,-0.3,8.1,15.6,17.7
"110","2020/6/2",6220.14,0,-0.0012,0,0,0,0
"111","2020/6/3",6382.41,0,0.01061,0,0,0,0
"112","2020/6/4",6341.44,0,0.01064,0,0,0,0
"113","2020/6/5",6484.3,0,0.01305,0,0,0,0
"114","2020/6/8",6472.59,0,0.00269999999999999,0,0,0,0
"115","2020/6/9",6335.72,0,0.004,0,0,0,0
"116","2020/6/10",6329.13,0,-0.02,0,0,0,0
"117","2020/6/11",6076.7,0,-0.011,0,0,0,0
"118","2020/6/12",6105.18,0,-0.008,0,0,0,0
"119","2020/6/15",6064.7,0,0.0023,0,0,0,0
"120","2020/6/16",6242.79,0,0.0047,0,0,0,0
"121","2020/6/17",6253.25,0,-0.012,0,0,0,0
"122","2020/6/18",6224.07,0,0.005,0,0,0,0
"123","2020/6/19",6292.6,0,-0.0081,0,0,0,0
"124","2020/6/22",6244.62,0,-0.0039,0,0,0,0
"125","2020/6/23",6320.12,0,0.003,0,0,0,0
"126","2020/6/24",6123.69,0,0.0026,0,0,0,0
"127","2020/6/25",6147.14,0,-0.0036,0,0,0,0
"128","2020/6/26",6159.3,0,-0.003,0,0,0,0
"129","2020/6/29",6225.77,0,-0.0083,0,0,0,0
"130","2020/6/30",6169.74,0.1,-0.0042,0.1,9.4,18.1,0
"131","2020/7/1",6157.96,0.1,0.00969,0,0,0,9.3
"132","2020/7/2",6240.36,0.1,-0.00186,0,0,0,0
"133","2020/7/3",6157.3,0.1,-0.00293,0,0,0,0
"134","2020/7/6",6285.94,0.1,0.00685,0,0,0,0
"135","2020/7/7",6189.9,0.1,-0.00625,0,0,0,0
"136","2020/7/8",6156.16,0.1,-0.006,0,0,0,0
"137","2020/7/9",6049.62,0.1,-0.006,0,0,0,0
"138","2020/7/10",6095.41,0.1,-0.0055,0,0,0,0
"139","2020/7/13",6176.19,0.1,0.01286,0,0,0,0
"140","2020/7/14",6179.75,0.1,-0.01236,0,0,0,0
"141","2020/7/15",6292.65,0.1,-0.00801,0,0,0,0
"142","2020/7/16",6250.69,0.1,-0.00799,0,0,0,0
"143","2020/7/17",6290.3,0.1,0.003,0,0,0,0
"144","2020/7/20",6261.52,0.1,0,0,0,0,0
"145","2020/7/21",6269.73,0.1,-0.01,0,0,0,0
"146","2020/7/22",6207.1,0.1,-0.004,0,0,0,0
"147","2020/7/23",6211.44,0.1,-0.001,0,0,0,0
"148","2020/7/24",6123.82,0.1,0.011,0,0,0,0
"149","2020/7/27",6104.88,0.1,-0.0106,0,0,0,0
"150","2020/7/28",6129.26,0.1,0.000350000000000003,0,0,0,0
"151","2020/7/29",6131.46,0.1,0.00425,0,0,0,0
"152","2020/7/30",5989.99,0.1,-0.005,0,0,0,0
"153","2020/7/31",5897.76,0.4,0.006,0.4,3.2,9.4,0
"154","2020/8/3",6032.85,0.4,-0.006,0,0,0,2.1
"155","2020/8/4",6036,0.4,-0.00125,0,0,0,0
"156","2020/8/5",6104.72,0.4,0.00705,0,0,0,0
"157","2020/8/6",6026.94,0.4,0.03283,0,0,0,0
"158","2020/8/7",6032.18,0.4,0.00277,0,0,0,0
"159","2020/8/10",6050.59,0.4,-0.0104,0,0,0,0
"160","2020/8/11",6154.34,0.4,0.024,0,0,0,0
"161","2020/8/12",6280.12,0.4,0.003,0,0,0,0
"162","2020/8/13",6185.62,0.4,-0.001,0,0,0,0
"163","2020/8/14",6090.04,0.4,-0.007,0,0,0,0
"164","2020/8/17",6127.44,0.4,-0.015,0,0,0,0
"165","2020/8/18",6076.62,0.4,-0.01,0,0,0,0
"166","2020/8/19",6111.98,0.4,0.00346,0,0,0,0
"167","2020/8/20",6013.34,0.4,-0.00146,0,0,0,0
"168","2020/8/21",6001.89,0.4,-0.003,0,0,0,0
"169","2020/8/24",6104.73,0.4,0.000300000000000002,0,0,0,0
"170","2020/8/25",6037.01,0.4,0.0185,0,0,0,0
"171","2020/8/26",6045.6,0.4,0.0032,0,0,0,0
"172","2020/8/27",5999.99,0.4,0.000999999999999997,0,0,0,0
"173","2020/8/28",5963.57,0.4,-0.00975,0,0,0,0
"174","2020/8/31",5963.57,-0.4,-0.00025,-0.8,1.90000000000001,2.3,0
"175","2020/9/1",5862.05,-0.4,-0.009,0,0,0,-2.6
"176","2020/9/2",5940.95,-0.4,-0.0035,0,0,0,0
"177","2020/9/3",5850.86,-0.4,0.0013,0,0,0,0
"178","2020/9/4",5799.08,-0.4,0.0064,0,0,0,0
"179","2020/9/7",5937.4,-0.4,-0.0136,0,0,0,0
"180","2020/9/8",5930.3,-0.4,-0.024,0,0,0,0
"181","2020/9/9",6012.84,-0.4,0.00906000000000001,0,0,0,0
"182","2020/9/10",6003.32,-0.4,-0.02268,0,0,0,0
"183","2020/9/11",6032.09,-0.4,-0.00598,0,0,0,0
"184","2020/9/14",6026.25,-0.4,0.0039,0,0,0,0
"185","2020/9/15",6105.54,-0.4,0.0171,0,0,0,0
"186","2020/9/16",6078.48,-0.4,0.00692,0,0,0,0
"187","2020/9/17",6049.92,-0.4,-0.04392,0,0,0,0
"188","2020/9/18",6007.05,-0.4,-0.003,0,0,0,0
"189","2020/9/21",5804.29,-0.4,0.0117,0,0,0,0
"190","2020/9/22",5829.46,-0.4,0.0313,0,0,0,0
"191","2020/9/23",5899.26,-0.4,0.00720000000000001,0,0,0,0
"192","2020/9/24",5822.78,-0.4,-0.0052,0,0,0,0
"193","2020/9/25",5842.67,-0.4,-0.0043,0,0,0,0
"194","2020/9/28",5927.93,-0.4,-0.00270000000000001,0,0,0,0
"195","2020/9/29",5897.5,-0.4,0.00660000000000001,0,0,0,0
"196","2020/9/30",5866.1,0.4,0.0094,0.3,-1.1,-2.7,0
"197","2020/10/1",5879.45,0.4,0.0037,0,0,0,-4.4
"198","2020/10/2",5902.12,0.4,0.00291,0,0,0,0
"199","2020/10/5",5942.94,0.4,0.00269,0,0,0,0
"200","2020/10/6",5949.94,0.4,0.00269999999999999,0,0,0,0
"201","2020/10/7",5946.25,0.4,0.00600000000000001,0,0,0,0
"202","2020/10/8",5978.03,0.4,0.00127,0,0,0,0
"203","2020/10/9",6016.65,0.4,-0.00387000000000001,0,0,0,0
"204","2020/10/12",6001.38,0.4,-0.0074,0,0,0,0
"205","2020/10/13",5969.71,0.4,-0.004,0,0,0,0
"206","2020/10/14",5935.06,0.4,0.0012,0,0,0,0
"207","2020/10/15",5832.52,0.4,-0.0102,0,0,0,0
"208","2020/10/16",5919.58,0.4,0.000499999999999994,0,0,0,0
"209","2020/10/19",5884.65,0.4,-0.00199999999999999,0,0,0,0
"210","2020/10/20",5889.22,0.4,-0.00582000000000001,0,0,0,0
"211","2020/10/21",5776.5,0.4,0.01832,0,0,0,0
"212","2020/10/22",5785.65,0.4,0.008,0,0,0,0
"213","2020/10/23",5860.28,0.4,0.0021,0,0,0,0
"214","2020/10/26",5792.01,0.4,-0.0041,0,0,0,0
"215","2020/10/27",5728.99,0.4,-0.006,0,0,0,0
"216","2020/10/28",5582.8,0.4,-0.003,0,0,0,0
"217","2020/10/29",5581.75,0.4,-0.001,0,0,0,0
"218","2020/10/30",5577.27,0.4,0.012,0,0,0,0
"219","2020/11/2",5654.97,0,-0.018,0.2,-0.399999999999999,-4.7,-3.1
"220","2020/11/3",5786.77,0,0.015,0,0,0,0
"221","2020/11/4",5883.26,0,-0.013,0,0,0,0
"222","2020/11/5",5906.18,0,0.0075,0,0,0,0
"223","2020/11/6",5910.02,0,0.0074,0,0,0,0
"224","2020/11/9",6186.29,0,0.0271,0,0,0,0
"225","2020/11/10",6296.85,0,0.0085,0,0,0,0
"226","2020/11/11",6382.1,0,0.0065,0,0,0,0
"227","2020/11/12",6338.94,0,-0.017,0,0,0,0
"228","2020/11/13",6316.39,0,0.007,0,0,0,0
"229","2020/11/16",6421.29,0,-0.003,0,0,0,0
"230","2020/11/17",6365.33,0,-0.0035,0,0,0,0
"231","2020/11/18",6385.24,0,0.0085,0,0,0,0
"232","2020/11/19",6334.35,0,-0.003,0,0,0,0
"233","2020/11/20",6351.45,0,-0.0056,0,0,0,0
"234","2020/11/23",6333.84,0,0.0086,0,0,0,0
"235","2020/11/24",6432.17,0,0.003,0,0,0,0
"236","2020/11/25",6391.09,0,0.0013,0,0,0,0
"237","2020/11/26",6362.93,0,-0.0083,0,0,0,0
"238","2020/11/27",6367.58,0,0.0013,0,0,0,0
"239","2020/11/30",6266.19,-0.1,0.0032,-0.4,1.9,-3.8,0
"240","2020/12/1",6384.73,-0.1,0.0095,0,0,0,1.4
"241","2020/12/2",6463.39,-0.1,-0.0052,0,0,0,0
"242","2020/12/3",6490.27,-0.1,0.00092,0,0,0,0
"243","2020/12/4",6550.23,-0.1,-0.00372,0,0,0,0
"244","2020/12/7",6555.39,-0.1,-0.0297,0,0,0,0
"245","2020/12/8",6558.82,-0.1,-0.0033,0,0,0,0
"246","2020/12/9",6564.29,-0.1,0.002,0,0,0,0
"247","2020/12/10",6599.76,-0.1,-0.0225,0,0,0,0
"248","2020/12/11",6546.75,-0.1,-0.0095,0,0,0,0
"249","2020/12/14",6531.83,-0.1,0.02635,0,0,0,0
"250","2020/12/15",6513.32,-0.1,0.02615,0,0,0,0
"251","2020/12/16",6570.91,-0.1,0.0085,0,0,0,0
"252","2020/12/17",6551.06,-0.1,0.0018,0,0,0,0
"253","2020/12/18",6529.18,-0.1,-0.0175,0,0,0,0
"254","2020/12/21",6416.32,-0.1,-0.0263,0,0,0,0
"255","2020/12/22",6453.16,-0.1,-0.00199999999999999,0,0,0,0
"256","2020/12/23",6495.75,-0.1,0.0315,0,0,0,0
"257","2020/12/24",6502.11,-0.1,-0.000470000000000002,0,0,0,0
"258","2020/12/25",6502.11,-0.1,-0.000629999999999999,0,0,0,0
"259","2020/12/28",6502.11,-0.1,6e-04,0,0,0,0
"260","2020/12/29",6602.65,-0.1,-0.01476,0,0,0,0
"261","2020/12/30",6555.82,-0.1,-0.01024,0,0,0,0
"262","2020/12/31",6460.52,0.3,-0.00312,0.3,1.9,1.8,0
"263","2021/1/1",6460.52,0.3,0,0,0,0,-9.2
"264","2021/1/4",6571.88,0.3,-0.03628,0,0,0,0
"265","2021/1/5",6612.25,0.3,0.0087,0,0,0,0
"266","2021/1/6",6841.86,0.3,0.004,0,0,0,0
"267","2021/1/7",6856.96,0.3,0.0108,0,0,0,0
"268","2021/1/8",6873.26,0.3,0.0016,0,0,0,0
"269","2021/1/11",6798.48,0.3,0.0073,0,0,0,0
"270","2021/1/12",6754.11,0.3,0.026,0,0,0,0
"271","2021/1/13",6745.52,0.3,-0.0085,0,0,0,0
"272","2021/1/14",6801.96,0.3,-0.0135,0,0,0,0
"273","2021/1/15",6735.71,0.3,-0.004,0,0,0,0
"274","2021/1/18",6720.65,0.3,-0.005,0,0,0,0
"275","2021/1/19",6712.95,0.3,0.0047,0,0,0,0
"276","2021/1/20",6740.39,0.3,0.0068,0,0,0,0
"277","2021/1/21",6715.42,0.3,0.0045,0,0,0,0
"278","2021/1/22",6695.07,0.3,-0.0074,0,0,0,0
"279","2021/1/25",6638.85,0.3,-0.0076,0,0,0,0
"280","2021/1/26",6654.01,0.3,0.005,0,0,0,0
"281","2021/1/27",6567.37,0.3,0.004,0,0,0,0
"282","2021/1/28",6526.15,0.3,0.002,0,0,0,0
"283","2021/1/29",6407.46,0.3,0.0086,0,0,0,0
"284","2021/2/1",6466.42,-0.2,0.006,0.1,-3.4,-9.9,8.4
"285","2021/2/2",6516.65,-0.2,0.00565,0,0,0,0
"286","2021/2/3",6507.82,-0.2,0.00643,0,0,0,0
"287","2021/2/4",6503.72,-0.2,0.03772,0,0,0,0
"288","2021/2/5",6489.33,-0.2,0.0196,0,0,0,0
"289","2021/2/8",6523.53,-0.2,-0.01,0,0,0,0
"290","2021/2/9",6531.56,-0.2,-0.0041,0,0,0,0
"291","2021/2/10",6524.36,-0.2,6e-04,0,0,0,0
"292","2021/2/11",6528.72,-0.2,-0.0055,0,0,0,0
"293","2021/2/12",6589.79,-0.2,0.0032,0,0,0,0
"294","2021/2/15",6756.11,-0.2,0.0078,0,0,0,0
"295","2021/2/16",6748.86,-0.2,0.007,0,0,0,0
"296","2021/2/17",6710.9,-0.2,-0.0136,0,0,0,0
"297","2021/2/18",6617.15,-0.2,0.0171,0,0,0,0
"298","2021/2/19",6624.02,-0.2,0.007,0,0,0,0
"299","2021/2/22",6612.24,-0.2,-0.0032,0,0,0,0
"300","2021/2/23",6625.94,-0.2,0.0077,0,0,0,0
"301","2021/2/24",6658.97,-0.2,0.002,0,0,0,0
"302","2021/2/25",6651.96,-0.2,0.045,0,0,0,0
"303","2021/2/26",6483.43,-0.2,0.0162,0,0,0,0
"304","2021/3/1",6588.53,0.1,-0.023,-0.3,1,10,6.8
"305","2021/3/2",6613.75,0.1,-0.00720000000000001,0,0,0,0
"306","2021/3/3",6675.47,0.1,0.01325,0,0,0,0
"307","2021/3/4",6650.88,0.1,-0.00025,0,0,0,0
"308","2021/3/5",6630.52,0.1,0,0,0,0,0
"309","2021/3/8",6719.13,0.1,-0.00270000000000001,0,0,0,0
"310","2021/3/9",6730.34,0.1,-0.0058,0,0,0,0
"311","2021/3/10",6725.6,0.1,-0.00259999999999999,0,0,0,0
"312","2021/3/11",6736.96,0.1,-0.00140000000000001,0,0,0,0
"313","2021/3/12",6761.47,0.1,0.0105,0,0,0,0
"314","2021/3/15",6749.7,0.1,5e-04,0,0,0,0
"315","2021/3/16",6803.61,0.1,-0.00175,0,0,0,0
"316","2021/3/17",6762.67,0.1,0.01225,0,0,0,0
"317","2021/3/18",6779.68,0.1,0.0086,0,0,0,0
"318","2021/3/19",6708.71,0.1,0.000300000000000009,0,0,0,0
"319","2021/3/22",6726.1,0.1,0.000299999999999995,0,0,0,0
"320","2021/3/23",6699.19,0.1,-0.0092,0,0,0,0
"321","2021/3/24",6712.89,0.1,-0.0057,0,0,0,0
"322","2021/3/25",6674.83,0.1,-0.0013,0,0,0,0
"323","2021/3/26",6740.59,0.1,0.00274999999999999,0,0,0,0
"324","2021/3/29",6736.17,0.1,0.00307,0,0,0,0
"325","2021/3/30",6772.12,0.1,0.00318,0,0,0,0
"326","2021/3/31",6713.63,0.3,0.005,0.3,3.8,6.8,0
"327","2021/4/1",6737.3,0.3,-0.0058,0,0,0,4.3
"328","2021/4/2",6737.3,0.3,0,0,0,0,0
"329","2021/4/5",6737.3,0.3,0,0,0,0,0
"330","2021/4/6",6823.55,0.3,0.00309,0,0,0,0
"331","2021/4/7",6885.32,0.3,-0.00269,0,0,0,0
"332","2021/4/8",6942.22,0.3,0.000109999999999999,0,0,0,0
"333","2021/4/9",6915.75,0.3,0.00479,0,0,0,0
"334","2021/4/12",6889.12,0.3,0.0015,0,0,0,0
"335","2021/4/13",6890.49,0.3,-0.00600000000000001,0,0,0,0
"336","2021/4/14",6939.58,0.3,0.00169999999999999,0,0,0,0
"337","2021/4/15",6983.5,0.3,-0.0137,0,0,0,0
"338","2021/4/16",7019.53,0.3,0.00449999999999999,0,0,0,0
"339","2021/4/19",7000.08,0.3,-0.00259999999999999,0,0,0,0
"340","2021/4/20",6859.87,0.3,-0.0018,0,0,0,0
"341","2021/4/21",6895.29,0.3,0.0023,0,0,0,0
"342","2021/4/22",6938.24,0.3,0.0018,0,0,0,0
"343","2021/4/23",6938.56,0.3,0.00750000000000001,0,0,0,0
"344","2021/4/26",6963.12,0.3,0.00829999999999999,0,0,0,0
"345","2021/4/27",6944.97,0.3,0.0093,0,0,0,0
"346","2021/4/28",6963.67,0.3,0.00309999999999999,0,0,0,0
"347","2021/4/29",6961.48,0.3,0.00820000000000001,0,0,0,0
"348","2021/4/30",6969.81,0.6,0.0025,0.8,2,4.7,0
"349","2021/5/3",6969.81,0.6,5e-04,0,0,0,2.2
"350","2021/5/4",6923.17,0.6,-0.00420000000000001,0,0,0,0
"351","2021/5/5",7039.3,0.6,0.00659999999999999,0,0,0,0
"352","2021/5/6",7076.17,0.6,-0.0145,0,0,0,0
"353","2021/5/7",7129.71,0.6,-0.011,0,0,0,0
"354","2021/5/10",7123.68,0.6,0.00480000000000001,0,0,0,0
"355","2021/5/11",6947.99,0.6,0.0074,0,0,0,0
"356","2021/5/12",7004.63,0.6,0.018,0,0,0,0
"357","2021/5/13",6963.33,0.6,0.0025,0,0,0,0
"358","2021/5/14",7043.61,0.6,-0.0038,0,0,0,0
"359","2021/5/17",7032.85,0.6,-0.0076,0,0,0,0
"360","2021/5/18",7034.24,0.6,-0.00190000000000001,0,0,0,0
"361","2021/5/19",6950.2,0.6,-0.0091,0,0,0,0
"362","2021/5/20",7019.79,0.6,-5e-04,0,0,0,0
"363","2021/5/21",7018.05,0.6,0.00159999999999999,0,0,0,0
"364","2021/5/24",7051.59,0.6,-0.0023,0,0,0,0
"365","2021/5/25",7029.79,0.6,-0.00739999999999999,0,0,0,0
"366","2021/5/26",7026.93,0.6,-0.0068,0,0,0,0
"367","2021/5/27",7019.67,0.6,0.027,0,0,0,0
"368","2021/5/28",7022.61,0.6,0.000299999999999995,0,0,0,0
"369","2021/5/31",7022.61,0.6,0.000299999999999995,0.6,4.7,1.9,0
"370","2021/6/1",7080.46,0.6,0.0063,0,0,0,-0.699999999999996
"371","2021/6/2",7108,0.6,-0.00169999999999998,0,0,0,0
"372","2021/6/3",7064.35,0.6,0.0126,0,0,0,0
"373","2021/6/4",7069.04,0.6,-0.00520000000000001,0,0,0,0
"374","2021/6/7",7077.22,0.6,0.00309999999999999,0,0,0,0
"375","2021/6/8",7095.09,0.6,-0.00919999999999999,0,0,0,0
"376","2021/6/9",7081.01,0.6,-0.00490000000000002,0,0,0,0
"377","2021/6/10",7088.18,0.6,0.0045,0,0,0,0
"378","2021/6/11",7134.06,0.6,-0.00619999999999998,0,0,0,0
"379","2021/6/14",7146.68,0.6,0.00839999999999999,0,0,0,0
"380","2021/6/15",7172.48,0.6,0.0053,0,0,0,0
"381","2021/6/16",7184.95,0.6,0.00290000000000001,0,0,0,0
"382","2021/6/17",7153.43,0.6,0.0401,0,0,0,0
"383","2021/6/18",7017.47,0.6,0.02125,0,0,0,0
"384","2021/6/21",7062.29,0.6,-0.00215000000000001,0,0,0,0
"385","2021/6/22",7090.01,0.6,-0.00349999999999998,0,0,0,0
"386","2021/6/23",7074.06,0.6,-5e-04,0,0,0,0
"387","2021/6/24",7109.97,0.6,-0.0152,0,0,0,0
"388","2021/6/25",7136.07,0.6,0.01385,0,0,0,0
"389","2021/6/28",7072.97,0.6,-0.00935,0,0,0,0
"390","2021/6/29",7087.55,0.6,-0.0045,0,0,0,0
"391","2021/6/30",7037.47,0.5,-0.00289999999999999,0.4,-1.7,-0.5,0
"392","2021/7/1",7125.16,0.5,0,0,0,0,-3
"393","2021/7/2",7123.27,0.5,-0.01152,0,0,0,0
"394","2021/7/5",7164.91,0.5,0.00151999999999999,0,0,0,0
"395","2021/7/6",7100.88,0.5,-0.01,0,0,0,0
"396","2021/7/7",7151.02,0.5,-0.00409999999999999,0,0,0,0
"397","2021/7/8",7030.66,0.5,0.0121,0,0,0,0
"398","2021/7/9",7121.88,0.5,0.019,0,0,0,0
"399","2021/7/12",7125.42,0.5,-0.00615000000000002,0,0,0,0
"400","2021/7/13",7124.72,0.5,0.00515000000000002,0,0,0,0
"401","2021/7/14",7091.19,0.5,0.0109,0,0,0,0
"402","2021/7/15",7012.02,0.5,0.0501,0,0,0,0
"403","2021/7/16",7008.09,0.5,-0.01387,0,0,0,0
"404","2021/7/19",6844.39,0.5,-0.03073,0,0,0,0
"405","2021/7/20",6881.13,0.5,0.00739999999999999,0,0,0,0
"406","2021/7/21",6998.28,0.5,0.0035,0,0,0,0
"407","2021/7/22",6968.3,0.5,-0.0114,0,0,0,0
"408","2021/7/23",7027.58,0.5,0.000799999999999995,0,0,0,0
"409","2021/7/26",7025.43,0.5,-0.00720000000000001,0,0,0,0
"410","2021/7/27",6996.08,0.5,0.0045,0,0,0,0
"411","2021/7/28",7016.63,0.5,0.0101,0,0,0,0
"412","2021/7/29",7078.42,0.5,-0.00239999999999999,0,0,0,0
"413","2021/7/30",7032.3,0.5,-0.00470000000000001,0,0,0,0
"414","2021/8/2",7081.72,0,-0.0141,-0.5,-3.5,-2.8,-4.40000000000001
"415","2021/8/3",7105.72,0,0.00409999999999999,0,0,0,0
"416","2021/8/4",7123.86,0,0.0156,0,0,0,0
"417","2021/8/5",7120.43,0,0.0202,0,0,0,0
"418","2021/8/6",7122.95,0,0.034,0,0,0,0
"419","2021/8/9",7132.3,0,-0.00329999999999997,0,0,0,0
"420","2021/8/10",7161.04,0,0.0135,0,0,0,0
"421","2021/8/11",7220.14,0,-0.0111,0,0,0,0
"422","2021/8/12",7193.23,0,0.00559999999999999,0,0,0,0
"423","2021/8/13",7218.71,0,-0.00949999999999995,0,0,0,0
"424","2021/8/16",7153.98,0,0.003,0,0,0,0
"425","2021/8/17",7181.11,0,-0.002,0,0,0,0
"426","2021/8/18",7169.32,0,-0.00600000000000001,0,0,0,0
"427","2021/8/19",7058.86,0,-0.0121,0,0,0,0
"428","2021/8/20",7087.9,0,-0.00990000000000002,0,0,0,0
"429","2021/8/23",7109.02,0,0.00930000000000003,0,0,0,0
"430","2021/8/24",7125.78,0,-0.00130000000000002,0,0,0,0
"431","2021/8/25",7150.12,0,0.016,0,0,0,0
"432","2021/8/26",7124.98,0,0.00900000000000001,0,0,0,0
"433","2021/8/27",7148.01,0,-0.0141,0,0,0,0
"434","2021/8/30",7148.01,0,0.00109999999999999,0,0,0,0
"435","2021/8/31",7119.7,0.7,0.005,1.2,-0.100000000000001,-4.6,0
"436","2021/9/1",7149.84,0.7,-0.00509999999999999,0,0,0,0.100000000000001
"437","2021/9/2",7163.9,0.7,-0.00790000000000002,0,0,0,0
"438","2021/9/3",7138.35,0.7,0.000400000000000011,0,0,0,0
"439","2021/9/6",7187.18,0.7,-0.01,0,0,0,0
"440","2021/9/7",7149.37,0.7,0.0153,0,0,0,0
"441","2021/9/8",7095.53,0.7,0.026,0,0,0,0
"442","2021/9/9",7024.21,0.7,0.0122,0,0,0,0
"443","2021/9/10",7029.2,0.7,0.00208999999999998,0,0,0,0
"444","2021/9/13",7068.43,0.7,0.00201000000000001,0,0,0,0
"445","2021/9/14",7034.06,0.7,0.0192,0,0,0,0
"446","2021/9/15",7016.49,0.7,0.00980000000000003,0,0,0,0
"447","2021/9/16",7027.48,0.7,0.017,0,0,0,0
"448","2021/9/17",6963.64,0.7,0.01,0,0,0,0
"449","2021/9/20",6903.91,0.7,-0.02245,0,0,0,0
"450","2021/9/21",6980.98,0.7,0.00944999999999996,0,0,0,0
"451","2021/9/22",7083.37,0.7,0.0104,0,0,0,0
"452","2021/9/23",7078.35,0.7,0.0966,0,0,0,0
"453","2021/9/24",7051.48,0.7,-0.00800000000000001,0,0,0,0
"454","2021/9/27",7063.4,0.7,0.00700000000000001,0,0,0,0
"455","2021/9/28",7028.1,0.7,0.0365,0,0,0,0
"456","2021/9/29",7108.16,0.7,0.03471,0,0,0,0
"457","2021/9/30",7086.42,0.3,-0.0152099999999999,-0.1,-3.2,0.399999999999999,0
"458","2021/10/1",7027.07,0.3,-0.0108,0,0,0,2.9
"459","2021/10/4",7011.01,0.3,-0.0152,0,0,0,0
"460","2021/10/5",7077.1,0.3,0.0508000000000001,0,0,0,0
"461","2021/10/6",6995.87,0.3,0.0146999999999999,0,0,0,0
"462","2021/10/7",7078.04,0.3,0.0277000000000001,0,0,0,0
"463","2021/10/8",7095.55,0.3,0.0636,0,0,0,0
"464","2021/10/11",7146.85,0.3,0.0911999999999999,0,0,0,0
"465","2021/10/12",7130.23,0.3,-0.012,0,0,0,0
"466","2021/10/13",7141.82,0.3,0.0159,0,0,0,0
"467","2021/10/14",7207.71,0.3,-0.0369,0,0,0,0
"468","2021/10/15",7234.03,0.3,0.0559000000000001,0,0,0,0
"469","2021/10/18",7203.83,0.3,0.2088,0,0,0,0
"470","2021/10/19",7217.53,0.3,0.00680000000000003,0,0,0,0
"471","2021/10/20",7223.1,0.3,-0.0532,0,0,0,0
"472","2021/10/21",7190.3,0.3,0.0117,0,0,0,0
"473","2021/10/22",7204.55,0.3,-0.027,0,0,0,0
"474","2021/10/25",7222.82,0.3,-0.025,0,0,0,0
"475","2021/10/26",7277.62,0.3,-0.0157,0,0,0,0
"476","2021/10/27",7253.27,0.3,0.0918,0,0,0,0
"477","2021/10/28",7249.47,0.3,0.0489000000000001,0,0,0,0
"478","2021/10/29",7237.57,0.3,0.0279,0,0,0,0
"479","2021/11/1",7288.62,1.1,0.00209999999999999,1.1,0.699999999999996,3.7,-0.199999999999996
"480","2021/11/2",7274.81,1.1,-0.0640000000000001,0,0,0,0
"481","2021/11/3",7248.89,1.1,0.0323800000000001,0,0,0,0
"482","2021/11/4",7279.91,1.1,-0.21338,0,0,0,0
"483","2021/11/5",7303.96,1.1,-0.044,0,0,0,0
"484","2021/11/8",7300.4,1.1,0.046,0,0,0,0
"485","2021/11/9",7274.04,1.1,0.0456,0,0,0,0
"486","2021/11/10",7340.15,1.1,0.0564,0,0,0,0
"487","2021/11/11",7384.18,1.1,0.0322,0,0,0,0
"488","2021/11/12",7347.91,1.1,-0.0102,0,0,0,0
"489","2021/11/15",7351.86,1.1,0.002,0,0,0,0
"490","2021/11/16",7326.97,1.1,0.069,0,0,0,0
"491","2021/11/17",7291.2,1.1,-0.0594,0,0,0,0
"492","2021/11/18",7255.96,1.1,-0.0294,0,0,0,0
"493","2021/11/19",7223.57,1.1,-0.0197000000000001,0,0,0,0
"494","2021/11/22",7255.46,1.1,0.0478000000000001,0,0,0,0
"495","2021/11/23",7266.69,1.1,0.0152,0,0,0,0
"496","2021/11/24",7286.32,1.1,-0.00919999999999999,0,0,0,0
"497","2021/11/25",7310.37,1.1,-0.00670000000000004,0,0,0,0
"498","2021/11/26",7044.03,1.1,-0.0926,0,0,0,0
"499","2021/11/29",7109.95,1.1,0.022,0,0,0,0
"500","2021/11/30",7059.45,0.7,0.02,0.899999999999999,0.300000000000004,-0.600000000000001,0
"501","2021/12/1",7168.68,0.7,-0.00870000000000004,0,0,0,-4
"502","2021/12/2",7129.21,0.7,-0.00349999999999995,0,0,0,0
"503","2021/12/3",7122.32,0.7,-0.0608,0,0,0,0
"504","2021/12/6",7232.28,0.7,-0.00190000000000001,0,0,0,0
"505","2021/12/7",7339.9,0.7,0.00539999999999996,0,0,0,0
"506","2021/12/8",7337.05,0.7,-0.00549999999999995,0,0,0,0
"507","2021/12/9",7321.26,0.7,-0.0120400000000001,0,0,0,0
"508","2021/12/10",7291.78,0.7,-0.01056,0,0,0,0
"509","2021/12/13",7231.44,0.7,-0.00780000000000003,0,0,0,0
"510","2021/12/14",7218.64,0.7,0.0344000000000001,0,0,0,0
"511","2021/12/15",7170.75,0.7,0.0488,0,0,0,0
"512","2021/12/16",7260.61,0.7,0.0359,0,0,0,0
"513","2021/12/17",7269.92,0.7,0.00529999999999997,0,0,0,0
"514","2021/12/20",7198.03,0.7,0.016,0,0,0,0
"515","2021/12/21",7297.41,0.7,0.077,0,0,0,0
"516","2021/12/22",7341.66,0.7,0.0114,0,0,0,0
"517","2021/12/23",7373.34,0.7,0.0175,0,0,0,0
"518","2021/12/24",7372.1,0.7,0.0173000000000001,0,0,0,0
"519","2021/12/27",7372.1,0.7,-0.0312,0,0,0,0
"520","2021/12/28",7372.1,0.7,0,0,0,0,0
"521","2021/12/29",7420.69,0.7,0.0433,0,0,0,0
"522","2021/12/30",7403.01,0.7,-0.0246999999999999,0,0,0,0
"523","2021/12/31",7384.54,0.5,-0.01325,0.300000000000001,-0.200000000000003,-4.9,0
"524","2022/1/3",7384.54,0.5,0,0,0,0,0.600000000000001
"525","2022/1/4",7505.15,0.5,0.0346499999999998,0,0,0,0
"526","2022/1/5",7516.87,0.5,0.012,0,0,0,0
"527","2022/1/6",7450.37,0.5,0.04315,0,0,0,0
"528","2022/1/7",7485.28,0.5,0.000850000000000017,0,0,0,0
"529","2022/1/10",7445.25,0.5,0.00900000000000012,0,0,0,0
"530","2022/1/11",7491.37,0.5,0.00099999999999989,0,0,0,0
"531","2022/1/12",7551.72,0.5,-0.0331999999999999,0,0,0,0
"532","2022/1/13",7563.85,0.5,-0.02295,0,0,0,0
"533","2022/1/14",7542.95,0.5,0.0300499999999999,0,0,0,0
"534","2022/1/17",7611.23,0.5,0.0266,0,0,0,0
"535","2022/1/18",7563.55,0.5,0.0275000000000001,0,0,0,0
"536","2022/1/19",7589.66,0.5,0.0448999999999999,0,0,0,0
"537","2022/1/20",7585.01,0.5,-0.00689999999999991,0,0,0,0
"538","2022/1/21",7494.13,0.5,-0.0333000000000001,0,0,0,0
"539","2022/1/24",7297.15,0.5,0.00320000000000009,0,0,0,0
"540","2022/1/25",7371.46,0.5,0.0282,0,0,0,0
"541","2022/1/26",7469.78,0.5,0.02305,0,0,0,0
"542","2022/1/27",7554.31,0.5,0.0428500000000001,0,0,0,0
"543","2022/1/28",7466.07,0.5,0.0324,0,0,0,0
"544","2022/1/31",7464.37,-0.1,0.0665,0.0999999999999996,-0.600000000000001,0.5,0
"545","2022/2/1",7535.78,-0.1,-0.0121,0,0,0,5.7
"546","2022/2/2",7583,-0.1,-0.0208000000000002,0,0,0,0
"547","2022/2/3",7528.84,-0.1,0.1532,0,0,0,0
"548","2022/2/4",7516.4,-0.1,0.0978000000000001,0,0,0,0
"549","2022/2/7",7573.47,-0.1,0.00919999999999987,0,0,0,0
"550","2022/2/8",7567.07,-0.1,0.0488000000000002,0,0,0,0
"551","2022/2/9",7643.42,-0.1,-0.00780000000000003,0,0,0,0
"552","2022/2/10",7672.4,-0.1,0.1211,0,0,0,0
"553","2022/2/11",7661.02,-0.1,0.1001,0,0,0,0
"554","2022/2/14",7531.59,-0.1,0.0980000000000001,0,0,0,0
"555","2022/2/15",7608.92,-0.1,0.00190000000000001,0,0,0,0
"556","2022/2/16",7603.78,-0.1,-0.1358,0,0,0,0
"557","2022/2/17",7537.37,-0.1,-0.0445,0,0,0,0
"558","2022/2/18",7513.62,-0.1,-0.0775000000000001,0,0,0,0
"559","2022/2/21",7484.33,-0.1,0.0445,0,0,0,0
"560","2022/2/22",7494.21,-0.1,0.0283,0,0,0,0
"561","2022/2/23",7498.18,-0.1,-0.0369999999999999,0,0,0,0
"562","2022/2/24",7207.38,-0.1,0.00529000000000002,0,0,0,0
"563","2022/2/25",7489.46,-0.1,-0.0245900000000001,0,0,0,0
"564","2022/2/28",7458.25,0.8,-0.112,0.7,0.700000000000003,6.4,0
"565","2022/3/1",7330.2,0.8,-0.1761,0,0,0,1
"566","2022/3/2",7429.56,0.8,0.2281,0,0,0,0
"567","2022/3/3",7238.85,0.8,0.0420999999999998,0,0,0,0
"568","2022/3/4",6987.14,0.8,0.00680000000000014,0,0,0,0
"569","2022/3/7",6959.48,0.8,0.0918999999999999,0,0,0,0
"570","2022/3/8",6964.11,0.8,0.1078,0,0,0,0
"571","2022/3/9",7190.72,0.8,0.0551999999999999,0,0,0,0
"572","2022/3/10",7099.09,0.8,-0.0183,0,0,0,0
"573","2022/3/11",7155.64,0.8,0.0224,0,0,0,0
"574","2022/3/14",7193.47,0.8,0.0556000000000001,0,0,0,0
"575","2022/3/15",7175.7,0.8,-0.0183,0,0,0,0
"576","2022/3/16",7291.68,0.8,0.0488,0,0,0,0
"577","2022/3/17",7385.34,0.8,-0.1756,0,0,0,0
"578","2022/3/18",7404.73,0.8,-0.0437000000000001,0,0,0,0
"579","2022/3/21",7442.39,0.8,0.1476,0,0,0,0
"580","2022/3/22",7476.72,0.8,0.0715999999999999,0,0,0,0
"581","2022/3/23",7460.63,0.8,-0.0784999999999998,0,0,0,0
"582","2022/3/24",7467.38,0.8,0.00160000000000005,0,0,0,0
"583","2022/3/25",7483.35,0.8,0.0914999999999999,0,0,0,0
"584","2022/3/28",7473.14,0.8,-0.0528999999999999,0,0,0,0
"585","2022/3/29",7537.25,0.8,0.00679999999999992,0,0,0,0
"586","2022/3/30",7578.75,0.8,0.0613000000000001,0,0,0,0
"587","2022/3/31",7515.68,1.1,-0.0457000000000001,0.8,-2.8,2.1,0
"588","2022/4/1",7537.9,1.1,0.0268999999999999,0,0,0,-2.7
"589","2022/4/4",7558.92,1.1,-0.0263999999999998,0,0,0,0
"590","2022/4/5",7613.72,1.1,0.0636999999999999,0,0,0,0
"591","2022/4/6",7587.7,1.1,0.0017999999999998,0,0,0,0
"592","2022/4/7",7551.81,1.1,0.0114000000000001,0,0,0,0
"593","2022/4/8",7669.56,1.1,0.0150999999999999,0,0,0,0
"594","2022/4/11",7618.31,1.1,0.0504000000000002,0,0,0,0
"595","2022/4/12",7576.66,1.1,-0.0411000000000001,0,0,0,0
"596","2022/4/13",7580.8,1.1,0.0142000000000002,0,0,0,0
"597","2022/4/14",7616.38,1.1,0.0476999999999999,0,0,0,0
"598","2022/4/15",7616.38,1.1,0.00629999999999997,0,0,0,0
"599","2022/4/18",7616.38,1.1,-0.00199999999999978,0,0,0,0
"600","2022/4/19",7601.28,1.1,0.0563899999999999,0,0,0,0
"601","2022/4/20",7629.22,1.1,0.00660999999999978,0,0,0,0
"602","2022/4/21",7627.95,1.1,0.1765,0,0,0,0
"603","2022/4/22",7521.68,1.1,-0.0875000000000004,0,0,0,0
"604","2022/4/25",7380.54,1.1,-0.1278,0,0,0,0
"605","2022/4/26",7386.19,1.1,-0.0372000000000003,0,0,0,0
"606","2022/4/27",7425.61,1.1,-0.0151999999999997,0,0,0,0
"607","2022/4/28",7509.19,1.1,0.0388500000000001,0,0,0,0
"608","2022/4/29",7544.55,1.1,0.04555,0,0,0,0
"609","2022/5/2",7544.55,2.5,0.00279999999999969,2,0.599999999999994,-3.7,-5.1
"610","2022/5/3",7561.33,2.5,0.0500000000000003,0,0,0,0
"611","2022/5/4",7493.45,2.5,0.0269999999999997,0,0,0,0
"612","2022/5/5",7503.27,2.5,-0.119,0,0,0,0
"613","2022/5/6",7387.94,2.5,-0.004,0,0,0,0
"614","2022/5/9",7216.58,2.5,-0.0750000000000002,0,0,0,0
"615","2022/5/10",7243.22,2.5,-0.0307999999999997,0,0,0,0
"616","2022/5/11",7347.66,2.5,-0.0165999999999999,0,0,0,0
"617","2022/5/12",7233.34,2.5,-0.056,0,0,0,0
"618","2022/5/13",7418.15,2.5,0.0391999999999997,0,0,0,0
"619","2022/5/16",7464.8,2.5,0.0322,0,0,0,0
"620","2022/5/17",7518.35,2.5,0.169,0,0,0,0
"621","2022/5/18",7438.09,2.5,-0.0427999999999997,0,0,0,0
"622","2022/5/19",7302.74,2.5,0.0214999999999996,0,0,0,0
"623","2022/5/20",7389.98,2.5,-0.00239999999999974,0,0,0,0
"624","2022/5/23",7513.44,2.5,0.0541,0,0,0,0
"625","2022/5/24",7484.35,2.5,-0.116,0,0,0,0
"626","2022/5/25",7522.75,2.5,0.00570000000000004,0,0,0,0
"627","2022/5/26",7564.92,2.5,0.0451999999999999,0,0,0,0
"628","2022/5/27",7585.46,2.5,0.004,0,0,0,0
"629","2022/5/30",7600.06,2.5,0.0704000000000002,0,0,0,0
"630","2022/5/31",7607.66,0.7,0.0635999999999997,0.0999999999999996,-1.2,-5.5,0
"631","2022/6/1",7532.95,0.7,0.0994000000000002,0,0,0,0.600000000000001
"632","2022/6/2",7532.95,0.7,0,0,0,0,0
"633","2022/6/3",7532.95,0.7,0,0,0,0,0
"634","2022/6/6",7608.22,0.7,0.0832000000000002,0,0,0,0
"635","2022/6/7",7598.93,0.7,0.00139999999999985,0,0,0,0
"636","2022/6/8",7593,0.7,0.0468000000000002,0,0,0,0
"637","2022/6/9",7476.21,0.7,0.13035,0,0,0,0
"638","2022/6/10",7317.52,0.7,0.18005,0,0,0,0
"639","2022/6/13",7205.81,0.7,0.10295,0,0,0,0
"640","2022/6/14",7187.46,0.7,-0.0011000000000001,0,0,0,0
"641","2022/6/15",7273.41,0.7,-0.10345,0,0,0,0
"642","2022/6/16",7044.98,0.7,0.0828000000000002,0,0,0,0
"643","2022/6/17",7016.25,0.7,0.0579999999999998,0,0,0,0
"644","2022/6/20",7121.81,0.7,0.0618500000000002,0,0,0,0
"645","2022/6/21",7152.05,0.7,-0.02155,0,0,0,0
"646","2022/6/22",7089.22,0.7,-0.163,0,0,0,0
"647","2022/6/23",7020.45,0.7,-0.215,0,0,0,0
"648","2022/6/24",7208.81,0.7,0.0158,0,0,0,0
"649","2022/6/27",7258.32,0.7,0.0797499999999998,0,0,0,0
"650","2022/6/28",7323.41,0.7,0.10265,0,0,0,0
"651","2022/6/29",7312.32,0.7,-0.0606,0,0,0,0
"652","2022/6/30",7169.28,0.8,-0.2032,0.300000000000001,-1.8,0.899999999999999,0
"653","2022/7/1",7168.65,0.8,-0.10235,0,0,0,-1.6
"654","2022/7/4",7232.65,0.8,0.10135,0,0,0,0
"655","2022/7/5",7025.47,0.8,-0.1069,0,0,0,0
"656","2022/7/6",7107.77,0.8,0.0407000000000002,0,0,0,0
"657","2022/7/7",7189.08,0.8,0.1204,0,0,0,0
"658","2022/7/8",7196.24,0.8,0.0943999999999998,0,0,0,0
"659","2022/7/11",7196.59,0.8,-0.105,0,0,0,0
"660","2022/7/12",7209.86,0.8,-0.107,0,0,0,0
"661","2022/7/13",7156.37,0.8,0.0818999999999996,0,0,0,0
"662","2022/7/14",7039.81,0.8,0.1172,0,0,0,0
"663","2022/7/15",7159.01,0.8,-0.0354000000000001,0,0,0,0
"664","2022/7/18",7223.24,0.8,0.0495000000000001,0,0,0,0
"665","2022/7/19",7296.28,0.8,0.0467999999999997,0,0,0,0
"666","2022/7/20",7264.31,0.8,-0.0442999999999998,0,0,0,0
"667","2022/7/21",7270.51,0.8,-0.0537000000000001,0,0,0,0
"668","2022/7/22",7276.37,0.8,-0.1419,0,0,0,0
"669","2022/7/25",7306.3,0.8,-0.0192000000000001,0,0,0,0
"670","2022/7/26",7306.28,0.8,0.0413000000000001,0,0,0,0
"671","2022/7/27",7348.23,0.8,0.0325000000000002,0,0,0,0
"672","2022/7/28",7345.25,0.8,-0.1167,0,0,0,0
"673","2022/7/29",7423.43,0.8,-0.0199099999999999,0,0,0,0
"674","2022/8/1",7413.42,0.6,0.0207600000000001,0.699999999999999,-0.699999999999996,-1.7,-2.5
"675","2022/8/2",7409.11,0.6,0.0801499999999997,0,0,0,0
"676","2022/8/3",7445.68,0.6,0.0654000000000003,0,0,0,0
"677","2022/8/4",7448.06,0.6,-0.00680000000000014,0,0,0,0
"678","2022/8/5",7439.74,0.6,0.1376,0,0,0,0
"679","2022/8/8",7482.37,0.6,-0.0262000000000002,0,0,0,0
"680","2022/8/9",7488.15,0.6,0.0610000000000004,0,0,0,0
"681","2022/8/10",7507.11,0.6,-0.056,0,0,0,0
"682","2022/8/11",7465.91,0.6,0.0674999999999999,0,0,0,0
"683","2022/8/12",7500.89,0.6,0.0822500000000002,0,0,0,0
"684","2022/8/15",7509.15,0.6,-0.0107500000000003,0,0,0,0
"685","2022/8/16",7536.06,0.6,0.1325,0,0,0,0
"686","2022/8/17",7515.75,0.6,0.2906,0,0,0,0
"687","2022/8/18",7541.85,0.6,0.0437999999999996,0,0,0,0
"688","2022/8/19",7550.37,0.6,0.0521000000000003,0,0,0,0
"689","2022/8/22",7533.79,0.6,0.1286,0,0,0,0
"690","2022/8/23",7488.11,0.6,0.1249,0,0,0,0
"691","2022/8/24",7471.51,0.6,0.14792,0,0,0,0
"692","2022/8/25",7479.74,0.6,-0.0785200000000001,0,0,0,0
"693","2022/8/26",7427.31,0.6,0.0122,0,0,0,0
"694","2022/8/29",7427.31,0.6,-0.0337999999999998,0,0,0,0
"695","2022/8/30",7361.63,0.6,0.1058,0,0,0,0
"696","2022/8/31",7284.15,0.5,0.0515000000000003,-0.199999999999999,-4.8,-1.7,0
"697","2022/9/1",7148.5,0.5,0.0555499999999998,0,0,0,-0.5
"698","2022/9/2",7281.19,0.5,-0.0400499999999999,0,0,0,0
"699","2022/9/5",7287.43,0.5,0.1407,0,0,0,0
"700","2022/9/6",7300.44,0.5,-0.00680000000000014,0,0,0,0
"701","2022/9/7",7237.83,0.5,-0.137,0,0,0,0
"702","2022/9/8",7262.06,0.5,0.0269999999999997,0,0,0,0
"703","2022/9/9",7351.07,0.5,-0.0118999999999998,0,0,0,0
"704","2022/9/12",7473.03,0.5,-0.00349999999999984,0,0,0,0
"705","2022/9/13",7385.86,0.5,0.1448,0,0,0,0
"706","2022/9/14",7277.3,0.5,-0.0128499999999994,0,0,0,0
"707","2022/9/15",7282.07,0.5,0.0712999999999999,0,0,0,0
"708","2022/9/16",7236.68,0.5,-0.0111500000000007,0,0,0,0
"709","2022/9/19",7236.68,0.5,0,0,0,0,0
"710","2022/9/20",7192.66,0.5,0.2293,0,0,0,0
"711","2022/9/21",7237.64,0.5,0.105,0,0,0,0
"712","2022/9/22",7159.52,0.5,0.0519699999999998,0,0,0,0
"713","2022/9/23",7018.6,0.5,0.68703,0,0,0,0
"714","2022/9/26",7020.95,0.5,0.428999999999999,0,0,0,0
"715","2022/9/27",6984.59,0.5,0.26349,0,0,0,0
"716","2022/9/28",7005.39,0.5,-0.458089999999999,0,0,0,0
"717","2022/9/29",6881.59,0.5,0.0130999999999997,0,0,0,0
"718","2022/9/30",6893.81,0.5,-0.0194999999999999,0,1.1,-0.899999999999999,0
